Draw,Date,Winning Number 1,Winning Number 2,Winning Number 3,Winning Number 4,Winning Number 5,Winning Number 6,Supplementary Number 1,Supplementary Number 2
2092,26/09/2026,2,6,25,27,31,40,24,35
2091,19/09/2026,1,10,27,32,33,39,13,26
2090,12/09/2026,3,9,20,27,30,38,4,42
2089,05/09/2026,5,17,27,38,40,43,2,39
2088,29/08/2026,17,23,25,27,33,45,26,43
2087,22/08/2026,1,2,9,11,13,20,28,45
2086,15/08/2026,2,13,17,25,31,33,1,23
2085,08/08/2026,6,22,26,28,33,36,12,32
2084,01/08/2026,3,11,15,30,32,42,38,43
2083,25/07/2026,2,6,8,12,22,43,13,28
2082,18/07/2026,5,7,13,24,30,41,23,33
2081,11/07/2026,13,14,16,21,29,41,10,17
2080,04/07/2026,4,8,15,32,43,44,22,23
2079,27/06/2026,15,17,24,28,36,37,12,18
2078,20/06/2026,3,6,9,14,21,22,20,38
2077,13/06/2026,12,16,30,31,40,43,25,26
2076,06/06/2026,10,25,30,31,43,44,4,38
2075,30/05/2026,8,10,12,19,28,36,3,5
2074,23/05/2026,11,19,20,28,31,40,1,39
2073,16/05/2026,3,10,23,32,33,39,37,42
2072,09/05/2026,2,11,12,17,33,37,36,41
2071,02/05/2026,9,18,19,29,34,45,8,28
2070,25/04/2026,3,11,12,14,17,45,21,32
2069,18/04/2026,3,8,18,39,40,41,13,32
2068,11/04/2026,8,11,15,32,33,44,35,41
2067,04/04/2026,2,4,5,13,14,37,21,22
2066,28/03/2026,1,2,3,25,29,30,15,17
2065,21/03/2026,11,16,20,27,43,45,22,39
2064,14/03/2026,14,21,27,34,36,40,5,33
2063,07/03/2026,16,17,24,33,35,36,6,19
2062,28/02/2026,7,13,21,31,35,44,30,34
2061,21/02/2026,4,11,26,30,42,43,27,29
2060,14/02/2026,3,6,7,12,14,22,20,43
2059,07/02/2026,3,8,9,27,33,41,15,25
2058,31/01/2026,9,20,33,34,42,45,7,29
2057,24/01/2026,8,22,24,28,29,33,19,27
2056,17/01/2026,8,9,19,35,38,44,23,33
2055,10/01/2026,1,8,23,25,30,41,32,37
2054,03/01/2026,9,10,13,19,21,36,2,39
2053,27/12/2025,3,5,20,26,28,40,22,42
2052,20/12/2025,8,19,31,32,41,43,6,14
2051,13/12/2025,6,17,20,28,32,35,25,41
2050,06/12/2025,5,10,17,33,42,45,31,44
2049,29/11/2025,5,10,17,22,36,44,3,11
2048,22/11/2025,7,12,15,31,39,42,5,8
2047,15/11/2025,1,19,33,36,39,41,20,25
2046,08/11/2025,1,13,14,16,28,41,34,39
2045,01/11/2025,13,17,21,28,31,42,15,36
2044,25/10/2025,13,14,23,29,40,41,1,17
2043,18/10/2025,7,10,18,19,32,38,28,43
2042,11/10/2025,9,21,32,33,37,43,17,30
2041,04/10/2025,2,3,10,16,32,42,11,35
2040,27/09/2025,4,14,16,25,29,37,6,10
2039,20/09/2025,5,10,25,26,27,38,15,34
2038,13/09/2025,2,13,15,18,31,40,26,36
2037,06/09/2025,6,10,16,21,42,43,23,36
2036,30/08/2025,4,5,9,10,28,36,2,14
2035,23/08/2025,2,10,28,33,44,45,8,26
2034,16/08/2025,1,6,15,18,23,38,24,32
2033,09/08/2025,4,10,14,40,41,45,3,6
2032,02/08/2025,1,21,24,40,43,45,9,16
2031,26/07/2025,2,17,23,40,42,44,27,39
2030,19/07/2025,7,15,17,22,36,42,9,34
2029,12/07/2025,9,23,29,35,36,37,20,31
2028,05/07/2025,4,6,13,14,17,19,1,11
2027,28/06/2025,21,32,34,39,41,44,16,22
2026,21/06/2025,1,6,10,24,30,42,16,18
2025,14/06/2025,1,6,10,17,19,28,14,35
2024,07/06/2025,11,13,22,26,30,36,24,45
2023,31/05/2025,5,7,9,23,27,45,13,36
2022,24/05/2025,5,13,33,35,36,37,10,18
2021,17/05/2025,9,19,31,37,40,44,5,11
2020,10/05/2025,1,18,25,35,38,45,4,16
2019,03/05/2025,16,27,29,30,34,43,2,40
2018,26/04/2025,1,7,21,32,38,42,13,24
2017,19/04/2025,10,14,19,21,28,44,23,33
2016,12/04/2025,3,6,13,17,22,45,29,31
2015,05/04/2025,3,10,23,27,42,43,6,18
2014,29/03/2025,1,3,17,21,36,41,24,30
2013,22/03/2025,11,16,29,34,42,45,14,18
2012,15/03/2025,3,13,15,16,27,30,19,33
2011,08/03/2025,2,16,18,28,29,38,4,25
2010,01/03/2025,3,6,11,12,13,37,2,44
2009,22/02/2025,2,5,26,28,31,39,7,8
2008,15/02/2025,8,18,19,31,41,43,9,11
2007,08/02/2025,6,15,25,35,40,42,20,38
2006,01/02/2025,1,7,8,12,18,41,16,32
2005,25/01/2025,8,12,15,21,28,34,3,44
2004,18/01/2025,7,11,15,19,34,45,32,42
2003,11/01/2025,6,8,18,19,29,38,15,45
2002,04/01/2025,8,10,19,23,31,33,13,42
2001,28/12/2024,4,12,26,29,40,41,31,34
2000,21/12/2024,9,18,25,27,38,44,7,23
1999,14/12/2024,6,7,11,21,30,35,13,29
1998,07/12/2024,1,7,11,13,16,35,5,14
1997,30/11/2024,8,13,16,30,39,41,28,38
1996,23/11/2024,3,6,17,25,40,42,7,28
1995,16/11/2024,5,6,8,29,38,44,1,9
1994,09/11/2024,5,6,30,37,39,43,17,45
1993,02/11/2024,1,3,6,10,18,42,5,40
1992,26/10/2024,1,25,29,35,42,43,19,31
1991,19/10/2024,5,15,22,26,33,43,4,11
1990,12/10/2024,2,8,10,21,28,45,27,30
1989,05/10/2024,13,15,18,24,27,30,26,41
1988,28/09/2024,15,19,29,34,37,40,6,44
1987,21/09/2024,6,21,24,29,32,42,25,30
1986,14/09/2024,6,14,22,32,34,38,19,41
1985,07/09/2024,7,13,15,16,20,38,26,41
1984,31/08/2024,4,6,15,20,32,39,1,30
1983,24/08/2024,5,8,42,43,44,45,24,32
1982,17/08/2024,1,3,15,23,25,41,11,45
1981,10/08/2024,4,10,37,38,42,45,15,36
1980,03/08/2024,10,11,12,13,41,45,28,40
1979,27/07/2024,4,11,20,27,37,45,10,15
1978,20/07/2024,17,23,25,29,30,31,6,14
1977,13/07/2024,1,2,18,21,24,36,14,27
1976,06/07/2024,3,4,15,20,26,44,7,35
1975,29/06/2024,10,21,24,30,44,45,28,31
1974,22/06/2024,2,22,35,37,38,40,9,44
1973,15/06/2024,12,23,34,36,38,40,8,30
1972,08/06/2024,3,13,14,24,30,32,33,40
1971,01/06/2024,5,21,22,28,39,42,13,29
1970,25/05/2024,8,10,22,35,36,38,11,23
1969,18/05/2024,9,13,20,26,32,43,14,34
1968,11/05/2024,17,20,21,31,41,44,18,37
1967,04/05/2024,5,12,14,26,29,42,9,41
1966,27/04/2024,1,7,20,26,34,39,8,10
1965,20/04/2024,6,16,19,25,43,44,4,14
1964,13/04/2024,1,3,16,18,19,25,7,33
1963,06/04/2024,5,6,14,36,37,45,28,31
1962,30/03/2024,9,12,15,42,43,44,18,36
1961,23/03/2024,1,12,16,17,19,32,27,34
1960,16/03/2024,3,17,28,35,40,44,26,33
1959,09/03/2024,2,3,11,17,25,31,15,24
1958,02/03/2024,5,8,15,18,19,30,7,26
1957,24/02/2024,16,17,26,38,39,42,32,37
1956,17/02/2024,7,11,22,25,28,34,32,35
1955,10/02/2024,1,2,12,13,20,42,3,15
1954,03/02/2024,3,11,19,22,23,29,20,30
1953,27/01/2024,5,8,13,24,29,36,15,40
1952,20/01/2024,11,22,27,33,35,37,1,8
1951,13/01/2024,8,33,37,39,40,41,2,35
1950,06/01/2024,12,13,17,34,36,42,38,41
1949,30/12/2023,2,3,11,23,38,39,22,35
1948,23/12/2023,1,20,24,31,37,39,19,41
1947,16/12/2023,8,12,13,17,39,41,27,32
1946,09/12/2023,9,11,25,32,33,44,2,20
1945,02/12/2023,10,14,21,22,23,42,7,11
1944,25/11/2023,17,20,30,36,37,44,4,19
1943,18/11/2023,7,8,15,16,26,31,6,44
1942,11/11/2023,1,2,23,24,28,30,29,39
1941,04/11/2023,1,5,14,15,34,42,40,45
1940,28/10/2023,12,13,14,18,30,35,2,43
1939,21/10/2023,2,7,12,29,30,31,9,33
1938,14/10/2023,7,10,11,23,24,38,4,14
1937,07/10/2023,18,23,25,28,35,37,8,16
1936,30/09/2023,6,20,27,29,43,45,9,36
1935,23/09/2023,4,13,16,21,29,45,6,11
1934,16/09/2023,11,23,27,28,37,41,1,2
1933,09/09/2023,7,9,11,14,15,29,17,23
1932,02/09/2023,9,16,32,37,40,41,26,30
1931,26/08/2023,6,10,18,32,33,37,21,23
1930,19/08/2023,14,16,24,34,41,44,21,30
1929,12/08/2023,5,10,30,32,34,42,19,45
1928,05/08/2023,1,2,18,24,36,43,9,31
1927,29/07/2023,3,14,32,37,42,45,17,20
1926,22/07/2023,1,5,14,26,32,33,8,37
1925,15/07/2023,18,25,31,32,37,39,12,34
1924,08/07/2023,5,26,29,34,37,41,31,42
1923,01/07/2023,6,7,19,21,26,38,13,36
1922,24/06/2023,4,8,21,29,30,37,38,45
1921,17/06/2023,8,24,27,36,39,41,22,26
1920,10/06/2023,2,11,12,23,42,43,7,44
1919,03/06/2023,1,12,24,26,37,41,25,45
1918,27/05/2023,7,8,22,28,34,37,1,23
1917,20/05/2023,2,8,11,12,25,32,16,22
1916,13/05/2023,6,22,23,24,33,36,18,34
1915,06/05/2023,2,8,13,17,30,35,5,34
1914,29/04/2023,4,15,16,18,35,45,11,17
1913,22/04/2023,4,29,32,34,38,41,11,27
1912,15/04/2023,4,16,23,31,39,43,17,18
1911,08/04/2023,4,6,9,11,13,40,18,20
1910,01/04/2023,5,10,25,36,39,45,8,40
1909,25/03/2023,8,9,10,14,39,42,12,31
1908,18/03/2023,1,6,15,21,43,44,34,42
1907,11/03/2023,1,4,9,10,29,42,7,17
1906,04/03/2023,1,9,13,32,33,34,8,15
1905,25/02/2023,4,12,13,15,29,45,2,27
1904,18/02/2023,8,11,16,24,30,34,18,21
1903,11/02/2023,4,7,19,20,21,22,16,17
1902,04/02/2023,11,27,31,34,39,45,5,28
1901,28/01/2023,7,24,27,30,39,44,5,38
1900,21/01/2023,9,10,11,23,32,40,5,17
1899,14/01/2023,11,19,30,37,39,45,3,21
1898,07/01/2023,2,9,11,17,18,38,37,41
1897,31/12/2022,11,20,23,35,42,45,8,38
1896,24/12/2022,4,7,8,24,32,39,17,34
1895,17/12/2022,3,8,28,36,37,41,9,16
1894,10/12/2022,6,14,22,24,35,44,10,39
1893,03/12/2022,4,8,10,12,15,39,37,45
1892,26/11/2022,12,14,22,29,31,45,11,36
1891,19/11/2022,9,12,14,23,31,43,13,29
1890,12/11/2022,3,6,12,18,31,35,9,34
1889,05/11/2022,12,19,26,29,39,45,13,15
1888,29/10/2022,3,6,7,9,22,42,13,16
1887,22/10/2022,7,17,21,24,35,41,5,23
1886,15/10/2022,5,7,11,12,24,40,15,28
1885,08/10/2022,17,20,23,33,37,45,18,22
1884,01/10/2022,9,20,25,30,32,40,34,35
1883,24/09/2022,5,7,10,14,34,41,4,44
1882,17/09/2022,4,7,9,21,23,25,6,11
1881,10/09/2022,2,8,11,31,32,45,14,41
1880,03/09/2022,3,6,10,18,21,39,41,43
1879,27/08/2022,2,3,6,23,41,42,24,39
1878,20/08/2022,6,16,34,35,37,42,18,40
1877,13/08/2022,1,15,20,29,35,38,8,31
1876,06/08/2022,14,15,24,31,33,39,4,40
1875,30/07/2022,8,12,17,21,26,42,13,35
1874,23/07/2022,3,20,24,32,38,40,5,31
1873,16/07/2022,8,11,19,23,35,37,34,42
1872,09/07/2022,6,23,30,37,43,44,1,45
1871,02/07/2022,10,15,17,31,37,42,7,11
1870,25/06/2022,6,16,18,20,25,36,33,39
1869,18/06/2022,1,11,22,27,34,37,43,44
1868,11/06/2022,10,11,19,21,39,45,25,35
1867,04/06/2022,7,8,13,17,23,25,31,42
1866,28/05/2022,15,17,19,28,32,33,2,24
1865,21/05/2022,5,9,13,23,38,41,4,43
1864,14/05/2022,15,20,25,27,35,39,9,21
1863,07/05/2022,6,7,11,13,17,45,23,43
1862,30/04/2022,3,8,10,20,36,42,9,45
1861,23/04/2022,3,23,31,33,39,45,17,20
1860,16/04/2022,11,12,14,15,23,37,20,42
1859,09/04/2022,1,8,19,31,35,40,15,38
1858,02/04/2022,1,4,6,15,21,27,19,41
1857,26/03/2022,2,8,13,21,22,33,10,27
1856,19/03/2022,10,24,32,34,38,43,6,25
1855,12/03/2022,4,29,35,37,40,41,21,27
1854,05/03/2022,2,16,18,19,30,40,9,28
1853,26/02/2022,3,7,16,23,26,34,17,35
1852,19/02/2022,1,5,18,20,23,34,9,35
1851,12/02/2022,13,35,36,37,42,43,5,15
1850,05/02/2022,2,9,10,11,22,37,6,40
1849,29/01/2022,8,9,22,23,34,40,13,17
1848,22/01/2022,1,12,14,21,39,43,19,32
1847,15/01/2022,3,11,19,33,38,42,13,39
1846,08/01/2022,3,17,20,24,27,29,9,18
1845,31/12/2021,8,14,15,20,32,43,31,35
1844,25/12/2021,6,19,21,30,31,42,15,38
1843,18/12/2021,1,19,25,29,36,44,21,35
1842,11/12/2021,6,12,27,35,37,39,2,19
1841,04/12/2021,8,24,31,39,44,45,21,41
1840,27/11/2021,3,5,27,34,41,45,10,24
1839,20/11/2021,9,17,20,21,25,33,4,19
1838,13/11/2021,17,22,26,29,32,40,12,21
1837,06/11/2021,11,15,28,30,33,39,19,35
1836,30/10/2021,4,16,26,29,30,32,37,43
1835,23/10/2021,9,10,16,22,26,32,17,38
1834,16/10/2021,2,7,17,26,27,38,1,19
1833,09/10/2021,18,22,24,34,40,42,19,37
1832,02/10/2021,13,17,26,28,33,44,18,38
1831,25/09/2021,6,28,29,33,36,40,26,43
1830,18/09/2021,5,6,15,18,36,43,24,29
1829,11/09/2021,8,10,17,23,26,34,36,41
1828,04/09/2021,14,29,31,33,44,45,19,26
1827,28/08/2021,17,19,21,22,23,30,32,43
1826,21/08/2021,6,19,34,35,40,43,22,45
1825,14/08/2021,3,9,13,19,24,28,29,35
1824,07/08/2021,5,11,12,22,28,36,1,9
1823,31/07/2021,13,16,18,32,33,41,9,19
1822,24/07/2021,12,16,26,27,30,40,13,15
1821,17/07/2021,2,14,30,32,35,38,10,45
1820,10/07/2021,22,23,28,30,34,38,16,20
1819,03/07/2021,2,7,27,33,37,42,10,20
1818,26/06/2021,1,24,26,32,34,36,7,27
1817,19/06/2021,12,14,30,34,40,41,15,27
1816,12/06/2021,5,13,15,28,37,45,1,43
1815,05/06/2021,1,11,24,32,33,44,20,35
1814,29/05/2021,2,7,16,28,30,42,22,35
1813,22/05/2021,6,7,9,13,23,27,1,33
1812,15/05/2021,5,15,16,19,20,41,4,21
1811,08/05/2021,2,4,9,26,31,41,18,25
1810,01/05/2021,5,14,18,22,31,42,1,8
1809,24/04/2021,2,4,8,31,32,44,35,36
1808,17/04/2021,5,13,17,33,38,44,22,35
1807,10/04/2021,7,8,20,22,26,42,14,16
1806,03/04/2021,1,21,31,38,39,41,6,43
1805,27/03/2021,2,4,12,23,24,35,15,37
1804,20/03/2021,8,9,13,19,22,32,15,25
1803,13/03/2021,15,17,22,27,37,40,2,4
1802,06/03/2021,11,16,26,32,39,42,6,30
1801,27/02/2021,4,6,24,35,42,45,36,38
1800,20/02/2021,3,5,9,26,35,41,28,45
1799,13/02/2021,1,3,4,22,42,43,24,25
1798,06/02/2021,3,6,8,10,12,24,36,45
1797,30/01/2021,3,6,15,20,30,31,2,26
1796,23/01/2021,1,6,8,10,29,40,31,42
1795,16/01/2021,4,12,14,17,22,33,25,28
1794,09/01/2021,7,9,20,22,34,45,10,12
1793,02/01/2021,5,7,14,16,17,44,26,31
1792,26/12/2020,2,5,11,21,30,32,25,42
1791,19/12/2020,9,16,26,35,39,41,13,33
1790,12/12/2020,14,16,35,38,40,43,1,33
1789,05/12/2020,1,9,11,24,32,41,15,38
1788,28/11/2020,10,18,20,34,35,37,7,41
1787,21/11/2020,2,21,27,37,39,42,7,11
1786,14/11/2020,6,15,23,26,27,45,2,29
1785,07/11/2020,1,3,7,8,15,35,5,10
1784,31/10/2020,4,13,19,26,27,34,6,15
1783,24/10/2020,3,23,30,31,38,45,19,40
1782,17/10/2020,5,8,12,14,16,38,3,17
1781,10/10/2020,5,12,24,26,34,37,2,3
1780,03/10/2020,3,11,21,24,29,38,36,40
1779,26/09/2020,1,7,22,28,36,42,11,14
1778,19/09/2020,1,8,14,23,26,41,12,33
1777,12/09/2020,12,27,28,31,36,39,6,24
1776,05/09/2020,2,3,13,32,37,38,29,36
1775,29/08/2020,13,16,20,25,40,44,4,28
1774,22/08/2020,2,7,9,16,33,43,20,34
1773,15/08/2020,13,16,29,34,35,41,12,45
1772,08/08/2020,1,11,17,18,34,42,19,43
1771,01/08/2020,8,9,23,29,38,42,13,17
1770,25/07/2020,6,9,16,32,37,44,11,12
1769,18/07/2020,2,18,21,22,35,43,10,37
1768,11/07/2020,22,26,27,29,32,38,30,42
1767,04/07/2020,17,31,33,35,39,42,36,41
1766,27/06/2020,15,19,24,28,35,41,23,30
1765,20/06/2020,9,11,17,19,22,29,14,21
1764,13/06/2020,3,17,29,32,34,38,12,28
1763,06/06/2020,3,10,18,19,22,27,41,42
1762,30/05/2020,3,15,19,22,25,44,1,42
1761,23/05/2020,1,21,25,30,32,45,31,38
1760,16/05/2020,4,11,16,17,19,26,15,25
1759,09/05/2020,7,21,22,35,38,39,34,44
1758,02/05/2020,10,14,16,18,31,43,4,35
1757,25/04/2020,3,15,17,23,34,38,18,31
1756,18/04/2020,23,24,29,39,40,41,5,37
1755,11/04/2020,5,10,11,14,26,27,35,37
1754,04/04/2020,11,19,22,33,36,39,7,18
1753,28/03/2020,3,7,10,16,37,43,20,23
1752,21/03/2020,10,19,26,27,31,33,9,43
1751,14/03/2020,8,13,27,40,41,42,3,4
1750,07/03/2020,3,7,28,33,34,40,1,38
1749,29/02/2020,3,12,29,30,31,38,22,45
1748,22/02/2020,8,11,15,16,23,29,7,25
1747,15/02/2020,3,4,11,21,24,39,34,40
1746,08/02/2020,17,19,24,36,38,44,2,39
1745,01/02/2020,1,10,17,24,29,33,5,26
1744,25/01/2020,10,17,19,24,36,38,22,40
1743,18/01/2020,3,10,12,24,34,35,38,40
1742,11/01/2020,11,17,18,20,37,41,15,36
1741,04/01/2020,11,16,33,38,40,42,12,45
1740,28/12/2019,1,13,19,31,37,39,5,33
1739,21/12/2019,18,23,28,30,35,37,4,33
1738,14/12/2019,1,9,31,34,39,40,17,37
1737,07/12/2019,1,13,16,25,30,32,17,22
1736,30/11/2019,10,16,20,22,30,38,14,42
1735,23/11/2019,7,14,25,30,37,45,6,34
1734,16/11/2019,11,22,28,31,32,34,14,21
1733,09/11/2019,1,10,25,27,28,36,14,18
1732,02/11/2019,1,2,10,12,21,42,13,40
1731,26/10/2019,2,7,28,29,31,45,6,38
1730,19/10/2019,18,21,26,39,41,43,33,35
1729,12/10/2019,6,8,16,17,27,33,26,28
1728,05/10/2019,4,12,20,33,34,36,10,23
1727,28/09/2019,4,11,18,20,22,41,12,44
1726,21/09/2019,14,29,32,33,40,43,12,24
1725,14/09/2019,7,20,27,38,39,41,9,43
1724,07/09/2019,1,8,10,14,23,36,7,15
1723,31/08/2019,7,14,15,17,36,41,20,24
1722,24/08/2019,4,9,10,11,32,33,23,29
1721,17/08/2019,6,19,23,24,28,35,29,38
1720,10/08/2019,1,6,9,37,38,39,11,45
1719,03/08/2019,3,5,28,32,38,44,25,27
1718,27/07/2019,11,13,23,27,35,38,5,8
1717,20/07/2019,2,8,12,18,30,42,14,39
1716,13/07/2019,5,16,18,22,36,41,1,7
1715,06/07/2019,15,18,23,30,41,44,1,5
1714,29/06/2019,5,14,21,33,35,42,7,40
1713,22/06/2019,5,10,11,12,29,41,13,21
1712,15/06/2019,8,18,24,39,41,42,5,16
1711,08/06/2019,1,22,24,36,39,42,12,41
1710,01/06/2019,6,9,20,25,27,31,2,36
1709,25/05/2019,1,11,18,29,35,44,28,38
1708,18/05/2019,2,6,8,36,39,45,5,13
1707,11/05/2019,17,27,28,32,34,44,8,22
1706,04/05/2019,7,8,23,24,27,33,15,41
1705,27/04/2019,1,16,21,26,39,41,2,6
1704,20/04/2019,9,14,16,18,20,36,7,19
1703,13/04/2019,16,18,19,21,22,25,4,41
1702,06/04/2019,4,8,10,12,38,39,6,13
1701,30/03/2019,5,8,26,27,31,33,11,22
1700,23/03/2019,9,29,32,33,37,39,11,27
1699,16/03/2019,1,8,12,15,31,42,32,36
1698,09/03/2019,16,17,21,27,29,43,37,40
1697,02/03/2019,5,10,38,39,40,43,4,24
1696,23/02/2019,13,19,20,21,25,37,27,33
1695,16/02/2019,18,19,26,27,38,43,15,22
1694,09/02/2019,9,11,13,16,17,21,33,38
1693,02/02/2019,1,5,12,21,24,45,2,15
1692,26/01/2019,8,18,19,36,38,42,4,39
1691,19/01/2019,8,10,11,15,26,45,28,37
1690,12/01/2019,5,11,15,23,35,45,17,43
1689,05/01/2019,3,18,20,24,26,34,32,42
1688,29/12/2018,2,9,17,30,33,39,22,41
1687,22/12/2018,5,9,14,29,41,43,15,37
1686,15/12/2018,23,28,32,33,35,39,5,42
1685,08/12/2018,2,6,23,25,26,43,7,9
1684,01/12/2018,5,24,25,27,31,38,18,20
1683,24/11/2018,7,10,20,24,29,37,32,42
1682,17/11/2018,6,18,19,26,30,31,16,25
1681,10/11/2018,1,21,22,23,38,44,17,20
1680,03/11/2018,3,5,12,14,35,36,15,42
1679,27/10/2018,9,13,16,17,32,37,6,14
1678,20/10/2018,5,14,15,38,42,45,8,22
1677,13/10/2018,3,6,10,34,37,40,15,18
1676,06/10/2018,1,2,7,22,34,40,15,26
1675,29/09/2018,2,9,10,13,16,25,17,19
1674,22/09/2018,9,21,26,29,32,44,2,28
1673,15/09/2018,1,3,7,15,44,45,26,34
1672,08/09/2018,19,22,24,25,42,43,4,14
1671,01/09/2018,5,10,14,16,36,43,18,19
1670,25/08/2018,5,15,18,29,31,35,9,36
1669,18/08/2018,6,17,19,26,37,38,2,10
1668,11/08/2018,1,8,15,20,23,44,11,18
1667,04/08/2018,12,14,24,25,35,38,36,39
1666,28/07/2018,21,27,29,31,37,40,6,11
1665,21/07/2018,2,4,14,15,16,24,18,33
1664,14/07/2018,6,11,12,32,40,45,10,20
1663,07/07/2018,1,6,18,23,29,43,3,35
1662,30/06/2018,1,14,20,25,26,40,3,24
1661,23/06/2018,9,10,18,31,35,41,16,26
1660,16/06/2018,2,8,12,22,26,45,1,38
1659,09/06/2018,7,10,22,25,26,36,30,43
1658,02/06/2018,7,14,17,19,24,37,2,23
1657,26/05/2018,10,21,25,29,38,40,7,22
1656,19/05/2018,6,9,21,33,39,42,19,40
1655,12/05/2018,6,12,14,17,31,38,32,34
1654,05/05/2018,10,22,28,34,42,45,3,11
1653,28/04/2018,13,29,33,35,38,43,15,41
1652,21/04/2018,11,12,17,31,42,44,3,19
1651,14/04/2018,7,9,10,17,18,38,20,35
1650,07/04/2018,6,7,8,17,23,35,29,30
1649,31/03/2018,8,15,23,27,43,44,11,35
1648,24/03/2018,10,19,23,30,33,39,17,34
1647,17/03/2018,26,32,33,35,38,41,27,45
1646,10/03/2018,2,4,22,31,34,44,25,27
1645,03/03/2018,2,21,29,35,36,45,40,44
1644,24/02/2018,1,5,14,15,19,30,20,28
1643,17/02/2018,3,8,13,30,31,35,17,25
1642,10/02/2018,2,7,16,23,27,44,25,28
1641,03/02/2018,11,12,13,23,24,27,22,31
1640,27/01/2018,1,4,7,11,32,40,26,29
1639,20/01/2018,2,5,9,14,31,34,7,13
1638,13/01/2018,1,6,16,19,36,45,5,11
1637,06/01/2018,3,12,31,32,35,44,13,14
1636,30/12/2017,6,9,27,30,35,37,4,14
1635,23/12/2017,8,11,13,21,23,34,24,42
1634,16/12/2017,1,5,26,28,39,45,12,44
1633,09/12/2017,14,17,28,30,34,36,44,45
1632,02/12/2017,8,14,16,23,25,44,2,9
1631,25/11/2017,4,6,18,31,36,44,1,10
1630,18/11/2017,6,19,26,28,40,42,33,36
1629,11/11/2017,18,19,27,30,38,43,16,21
1628,04/11/2017,4,7,17,22,26,30,41,44
1627,28/10/2017,1,13,17,38,40,44,22,31
1626,21/10/2017,13,22,30,34,42,45,39,44
1625,14/10/2017,6,13,18,25,34,39,9,42
1624,07/10/2017,7,13,15,18,31,34,17,27
1623,30/09/2017,1,19,20,22,32,34,3,33
1622,23/09/2017,6,8,13,40,44,45,2,16
1621,16/09/2017,5,10,20,29,41,45,7,26
1620,09/09/2017,12,21,28,35,40,42,4,9
1619,02/09/2017,16,17,21,22,23,44,2,30
1618,26/08/2017,11,15,20,27,38,45,18,42
1617,19/08/2017,3,9,23,30,39,45,7,17
1616,12/08/2017,7,11,14,16,26,45,34,35
1615,05/08/2017,1,7,11,20,21,32,22,26
1614,29/07/2017,28,30,31,34,42,43,4,25
1613,22/07/2017,11,22,27,32,42,44,7,39
1612,15/07/2017,1,11,22,25,41,44,9,23
1611,08/07/2017,11,18,22,24,26,33,19,28
1610,01/07/2017,6,10,18,19,32,36,1,13
1609,24/06/2017,1,5,13,29,32,43,38,40
1608,17/06/2017,5,19,25,30,33,34,1,2
1607,10/06/2017,12,14,20,22,24,44,6,32
1606,03/06/2017,9,21,27,30,32,35,20,31
1605,27/05/2017,15,17,18,24,42,45,35,36
1604,20/05/2017,6,10,11,15,29,33,5,25
1603,13/05/2017,1,16,21,30,35,40,2,7
1602,06/05/2017,8,9,16,26,39,41,28,31
1601,29/04/2017,3,10,23,29,34,37,1,24
1600,22/04/2017,11,13,18,21,24,30,15,27
1599,15/04/2017,3,15,26,32,40,44,16,41
1598,08/04/2017,3,7,25,27,32,38,21,28
1597,01/04/2017,16,20,24,32,34,37,4,45
1596,25/03/2017,16,20,23,28,35,39,4,27
1595,18/03/2017,1,10,15,23,36,43,2,34
1594,11/03/2017,1,10,15,31,36,39,11,32
1593,04/03/2017,9,12,15,18,28,34,1,44
1592,25/02/2017,7,22,29,33,36,44,5,45
1591,18/02/2017,21,25,28,30,33,37,3,36
1590,11/02/2017,3,18,41,42,43,45,2,21
1589,04/02/2017,4,16,22,34,36,38,3,26
1588,28/01/2017,6,10,19,28,37,40,8,33
1587,21/01/2017,14,17,30,37,41,43,5,38
1586,14/01/2017,9,12,21,22,30,41,20,27
1585,07/01/2017,7,19,20,22,40,41,5,35
1584,31/12/2016,4,11,16,18,31,40,17,38
1583,24/12/2016,4,5,9,24,34,39,15,29
1582,17/12/2016,8,17,18,29,36,42,11,33
1581,10/12/2016,5,20,25,33,34,36,27,42
1580,03/12/2016,10,11,18,26,39,44,15,16
1579,26/11/2016,18,19,27,29,38,45,32,35
1578,19/11/2016,1,12,14,16,24,40,20,31
1577,12/11/2016,1,3,12,18,22,38,34,40
1576,05/11/2016,9,23,24,34,38,43,13,37
1575,29/10/2016,15,20,23,33,39,42,22,36
1574,22/10/2016,16,22,35,37,39,42,29,43
1573,15/10/2016,2,8,21,22,31,40,28,30
1572,08/10/2016,2,3,6,21,26,38,22,35
1571,01/10/2016,6,14,22,26,35,37,10,31
1570,24/09/2016,11,12,18,25,34,45,13,37
1569,17/09/2016,3,8,9,12,18,27,4,39
1568,10/09/2016,5,7,9,13,18,27,25,42
1567,03/09/2016,7,23,28,32,36,40,39,41
1566,27/08/2016,4,5,13,18,25,34,23,31
1565,20/08/2016,8,16,23,34,42,45,3,44
1564,13/08/2016,11,14,16,37,41,45,1,32
1563,06/08/2016,6,12,15,19,23,31,8,22
1562,30/07/2016,27,32,33,37,40,45,22,38
1561,23/07/2016,4,7,10,15,22,32,6,38
1560,16/07/2016,1,3,7,12,24,32,2,10
1559,09/07/2016,13,17,21,25,33,38,11,18
1558,02/07/2016,5,12,16,20,31,41,10,29
1557,25/06/2016,4,7,10,17,28,31,12,23
1556,18/06/2016,1,2,13,20,39,44,4,7
1555,11/06/2016,4,10,25,32,39,45,22,26
1554,04/06/2016,3,12,26,27,38,43,16,44
1553,28/05/2016,1,21,34,35,37,42,11,26
1552,21/05/2016,5,11,13,14,37,39,12,32
1551,14/05/2016,4,10,13,21,33,34,14,30
1550,07/05/2016,1,3,14,24,31,35,8,17
1549,30/04/2016,2,20,22,24,27,30,10,26
1548,23/04/2016,3,10,27,32,34,36,20,26
1547,16/04/2016,1,3,11,29,36,42,26,33
1546,09/04/2016,3,6,18,21,23,41,16,30
1545,02/04/2016,7,11,12,23,29,36,9,33
1544,26/03/2016,5,9,17,24,32,43,21,31
1543,19/03/2016,8,10,16,24,28,31,2,4
1542,12/03/2016,1,3,8,16,28,37,5,30
1541,05/03/2016,2,11,20,26,39,45,19,33
1540,27/02/2016,3,5,18,21,22,38,27,45
1539,20/02/2016,5,17,22,26,30,42,19,36
1538,13/02/2016,2,8,25,27,28,43,6,32
1537,06/02/2016,4,26,33,39,40,43,32,41
1536,30/01/2016,5,20,25,28,29,45,21,30
1535,23/01/2016,20,24,33,41,44,45,12,29
1534,16/01/2016,1,3,11,13,22,24,29,30
1533,09/01/2016,2,18,20,25,30,36,5,11
1532,02/01/2016,3,10,31,40,44,45,37,38
1531,26/12/2015,5,9,25,34,35,36,29,42
1530,19/12/2015,3,6,11,24,33,34,1,4
1529,12/12/2015,6,7,8,11,31,40,22,30
1528,05/12/2015,15,18,28,32,40,42,7,14
1527,28/11/2015,1,9,17,18,24,34,26,36
1526,21/11/2015,6,9,10,11,35,37,15,31
1525,14/11/2015,6,10,21,28,37,42,14,39
1524,07/11/2015,4,6,17,31,38,39,23,37
1523,31/10/2015,10,14,19,20,27,37,13,29
1522,24/10/2015,1,15,18,29,37,40,8,30
1521,17/10/2015,2,7,10,13,23,24,8,21
1520,10/10/2015,1,5,7,8,15,39,30,34
1519,03/10/2015,3,6,7,21,22,43,14,39
1518,26/09/2015,5,12,13,17,22,26,4,44
1517,19/09/2015,4,5,16,29,32,44,19,37
1516,12/09/2015,16,17,21,29,38,42,11,27
1515,05/09/2015,5,13,27,31,37,42,18,30
1514,29/08/2015,11,18,26,27,37,39,5,30
1513,22/08/2015,4,13,18,27,30,36,5,32
1512,15/08/2015,6,12,23,26,28,36,27,43
1511,08/08/2015,1,13,24,28,29,33,14,20
1510,01/08/2015,6,10,15,16,17,29,18,33
1509,25/07/2015,7,8,13,20,23,32,26,34
1508,18/07/2015,3,11,13,29,38,42,15,19
1507,11/07/2015,14,23,24,28,41,45,5,43
1506,04/07/2015,8,15,25,30,31,44,4,14
1505,27/06/2015,15,17,29,30,32,39,21,41
1504,20/06/2015,8,10,22,27,39,44,20,25
1503,13/06/2015,8,20,36,38,43,45,16,29
1502,06/06/2015,15,29,31,32,33,39,12,22
1501,30/05/2015,16,20,23,36,38,43,13,19
1500,23/05/2015,1,2,31,38,39,45,26,34
1499,16/05/2015,10,15,16,26,30,45,12,21
1498,09/05/2015,4,13,27,29,31,32,34,36
1497,02/05/2015,6,15,18,23,35,43,16,44
1496,25/04/2015,5,7,12,20,29,42,11,30
1495,18/04/2015,4,14,16,18,26,27,5,10
1494,11/04/2015,3,7,13,21,24,30,4,27
1493,04/04/2015,1,24,34,40,44,45,16,20
1492,28/03/2015,13,16,17,18,25,29,26,27
1491,21/03/2015,2,11,12,16,24,39,42,43
1490,14/03/2015,7,9,17,26,42,43,24,29
1489,07/03/2015,3,6,24,40,41,44,25,26
1488,28/02/2015,1,11,14,33,37,45,22,41
1487,21/02/2015,5,10,11,24,39,41,3,18
1486,14/02/2015,16,22,24,35,37,42,29,36
1485,07/02/2015,9,19,30,33,41,44,35,36
1484,31/01/2015,9,15,19,26,33,36,4,45
1483,24/01/2015,10,12,30,34,42,44,1,32
1482,17/01/2015,1,10,16,30,33,41,28,32
1481,10/01/2015,4,19,24,25,27,34,33,41
1480,03/01/2015,18,21,35,38,39,43,13,27
1479,27/12/2014,7,16,20,33,39,43,3,41
1478,20/12/2014,6,8,9,19,21,41,2,34
1477,13/12/2014,6,11,16,17,21,44,18,40
1476,06/12/2014,1,5,13,36,38,39,4,23
1475,29/11/2014,18,28,31,36,41,42,13,27
1474,22/11/2014,1,5,14,23,31,42,10,44
1473,15/11/2014,4,9,13,37,42,43,1,23
1472,08/11/2014,16,19,20,22,27,35,23,24
1471,01/11/2014,9,15,21,24,30,42,1,2
1470,25/10/2014,11,12,17,36,38,44,9,31
1469,18/10/2014,5,7,8,9,27,34,23,31
1468,11/10/2014,3,11,13,21,42,44,26,32
1467,04/10/2014,6,20,22,29,32,44,38,41
1466,27/09/2014,1,6,16,20,25,36,24,33
1465,20/09/2014,1,12,22,27,38,40,20,32
1464,13/09/2014,1,5,10,14,29,33,9,22
1463,06/09/2014,4,10,17,27,34,43,18,26
1462,30/08/2014,2,14,24,37,40,44,18,33
1461,23/08/2014,11,29,30,40,41,43,2,4
1460,16/08/2014,2,3,15,16,18,24,25,31
1459,09/08/2014,23,26,27,30,31,41,16,38
1458,02/08/2014,7,10,12,26,30,36,15,32
1457,26/07/2014,5,7,12,28,40,45,20,37
1456,19/07/2014,4,8,13,27,28,42,6,26
1455,12/07/2014,1,3,15,19,42,44,36,37
1454,05/07/2014,5,7,14,20,31,39,18,27
1453,28/06/2014,1,17,20,40,42,44,5,30
1452,21/06/2014,1,12,28,31,32,34,8,24
1451,14/06/2014,11,13,16,19,27,35,24,36
1450,07/06/2014,1,19,20,36,38,41,10,29
1449,31/05/2014,1,13,20,26,37,45,22,27
1448,24/05/2014,11,13,28,37,43,45,26,27
1447,17/05/2014,8,9,22,25,36,42,28,33
1446,10/05/2014,10,13,16,22,39,45,2,9
1445,03/05/2014,1,12,14,19,37,41,7,23
1444,26/04/2014,12,20,24,32,39,45,3,29
1443,19/04/2014,3,7,17,23,25,26,10,15
1442,12/04/2014,13,18,20,21,28,45,23,41
1441,05/04/2014,1,22,24,29,36,39,6,45
1440,29/03/2014,10,21,22,26,29,41,25,27
1439,22/03/2014,4,12,18,19,29,33,17,43
1438,15/03/2014,13,33,36,38,39,43,20,41
1437,08/03/2014,3,19,27,38,40,42,12,17
1436,01/03/2014,4,13,33,35,39,45,14,29
1435,22/02/2014,8,12,15,25,26,45,23,28
1434,15/02/2014,6,27,28,32,39,40,1,34
1433,08/02/2014,6,15,17,21,22,42,18,30
1432,01/02/2014,11,16,32,40,41,45,7,28
1431,25/01/2014,30,35,36,37,42,43,5,14
1430,18/01/2014,1,9,10,13,27,39,15,28
1429,11/01/2014,7,14,23,27,38,40,4,8
1428,04/01/2014,5,6,10,28,32,40,29,37
1427,28/12/2013,17,22,24,25,26,40,13,30
1426,21/12/2013,1,3,10,17,20,35,24,34
1425,14/12/2013,4,9,14,22,42,45,11,21
1424,07/12/2013,3,7,28,31,38,41,15,37
1423,30/11/2013,24,27,30,37,43,45,21,22
1422,23/11/2013,5,7,20,30,31,39,9,22
1421,16/11/2013,5,8,15,32,36,39,9,42
1420,09/11/2013,2,16,20,27,28,32,7,8
1419,02/11/2013,2,5,23,32,40,43,34,35
1418,26/10/2013,9,13,16,21,33,44,11,20
1417,19/10/2013,5,20,27,31,37,42,3,38
1416,12/10/2013,3,9,33,34,39,41,8,38
1415,05/10/2013,6,8,11,21,27,31,19,30
1414,28/09/2013,1,13,21,27,34,37,15,45
1413,21/09/2013,1,2,5,16,19,42,10,37
1412,14/09/2013,3,11,20,28,34,40,25,39
1411,07/09/2013,1,11,12,15,25,36,17,33
1410,31/08/2013,15,18,26,28,39,41,11,42
1409,24/08/2013,12,15,16,37,42,45,6,9
1408,17/08/2013,5,27,33,35,42,45,4,16
1407,10/08/2013,8,18,21,23,27,37,6,22
1406,03/08/2013,1,14,24,26,30,37,10,20
1405,27/07/2013,6,25,27,29,38,41,43,45
1404,20/07/2013,1,3,9,12,22,29,18,37
1403,13/07/2013,5,9,14,27,37,40,18,38
1402,06/07/2013,3,8,19,26,29,43,7,11
1401,29/06/2013,11,22,25,26,31,42,1,8
1400,22/06/2013,13,17,18,20,21,43,5,36
1399,15/06/2013,1,4,15,16,17,21,40,42
1398,08/06/2013,7,8,10,25,28,42,35,39
1397,01/06/2013,12,15,30,37,40,44,16,45
1396,25/05/2013,1,15,16,20,31,36,2,38
1395,18/05/2013,3,6,14,16,25,31,9,35
1394,11/05/2013,16,30,32,35,38,41,39,45
1393,04/05/2013,2,12,13,20,30,35,1,7
1392,27/04/2013,8,15,18,33,40,43,14,25
1391,20/04/2013,7,10,28,34,41,44,8,14
1390,13/04/2013,2,4,6,9,37,44,18,23
1389,06/04/2013,19,20,21,23,25,43,2,8
1388,30/03/2013,4,29,33,40,41,43,2,3
1387,23/03/2013,2,3,12,13,16,30,5,17
1386,16/03/2013,4,24,25,29,32,43,26,38
1385,09/03/2013,7,10,12,28,44,45,3,35
1384,02/03/2013,11,13,18,20,42,43,12,30
1383,23/02/2013,6,8,13,29,34,39,9,20
1382,16/02/2013,1,6,16,17,18,34,13,33
1381,09/02/2013,8,29,30,33,36,41,9,23
1380,02/02/2013,5,18,29,31,44,45,12,38
1379,26/01/2013,6,12,25,36,39,43,8,18
1378,19/01/2013,4,11,14,16,19,25,18,34
1377,12/01/2013,2,6,11,15,31,34,16,30
1376,05/01/2013,20,28,30,31,32,37,1,34
1375,29/12/2012,7,14,15,25,35,37,3,20
1374,22/12/2012,1,4,10,17,29,45,5,38
1373,15/12/2012,5,7,9,16,20,41,6,11
1372,08/12/2012,6,13,16,33,36,41,4,15
1371,01/12/2012,11,17,25,30,40,41,32,42
1370,24/11/2012,17,26,30,32,42,43,6,12
1369,17/11/2012,5,8,11,20,29,33,28,38
1368,10/11/2012,1,4,25,27,40,41,26,37
1367,03/11/2012,7,12,20,31,38,43,6,25
1366,27/10/2012,5,6,25,33,34,44,23,31
1365,20/10/2012,10,25,26,27,32,35,12,16
1364,13/10/2012,2,11,13,15,26,40,30,32
1363,06/10/2012,18,20,23,32,40,42,3,33
1362,29/09/2012,9,10,16,25,32,34,40,44
1361,22/09/2012,1,17,19,32,34,45,22,38
1360,15/09/2012,2,11,19,23,32,34,10,39
1359,08/09/2012,4,5,7,15,35,38,1,30
1358,01/09/2012,9,19,24,28,29,31,5,15
1357,25/08/2012,4,17,21,27,28,30,8,25
1356,18/08/2012,10,11,15,30,34,36,16,19
1355,11/08/2012,21,22,27,31,32,38,10,16
1354,04/08/2012,16,19,20,37,39,43,3,27
1353,28/07/2012,1,27,28,33,37,42,17,29
1352,21/07/2012,3,6,7,9,23,43,14,25
1351,14/07/2012,17,30,36,41,42,45,20,35
1350,07/07/2012,2,15,21,31,37,38,6,29
1349,30/06/2012,8,30,32,33,37,40,14,34
1348,23/06/2012,2,16,19,29,30,31,10,11
1347,16/06/2012,16,18,25,35,36,40,2,21
1346,09/06/2012,1,4,16,26,27,32,31,40
1345,02/06/2012,6,17,18,31,36,43,13,33
1344,26/05/2012,10,13,22,36,37,38,28,42
1343,19/05/2012,9,12,28,29,32,41,2,21
1342,12/05/2012,1,2,14,16,19,45,23,30
1341,05/05/2012,7,9,12,15,27,40,4,11
1340,28/04/2012,4,5,12,23,31,33,3,9
1339,21/04/2012,1,2,15,16,21,28,35,40
1338,14/04/2012,7,8,13,18,25,43,4,17
1337,07/04/2012,17,26,27,28,30,38,7,23
1336,31/03/2012,2,6,26,29,41,43,1,7
1335,24/03/2012,17,27,29,39,42,45,8,10
1334,17/03/2012,4,10,21,30,41,42,27,34
1333,10/03/2012,20,21,26,32,41,43,6,22
1332,03/03/2012,4,5,11,12,14,31,6,16
1331,25/02/2012,12,14,18,19,30,38,29,42
1330,18/02/2012,3,13,14,32,37,38,17,29
1329,11/02/2012,3,13,17,21,25,35,4,9
1328,04/02/2012,3,10,20,28,40,41,11,17
1327,28/01/2012,22,28,31,32,40,43,26,37
1326,21/01/2012,2,9,14,22,31,33,12,30
1325,14/01/2012,13,16,18,19,23,28,8,37
1324,07/01/2012,19,29,30,33,44,45,6,13
1323,31/12/2011,7,8,28,33,38,41,4,37
1322,24/12/2011,1,4,7,9,12,30,28,41
1321,17/12/2011,6,11,12,24,26,36,27,43
1320,10/12/2011,9,18,29,32,33,41,27,45
1319,03/12/2011,2,9,13,18,26,44,1,7
1318,26/11/2011,9,12,22,28,41,42,24,27
1317,19/11/2011,9,18,23,24,33,36,4,34
1316,12/11/2011,4,5,10,17,22,40,8,38
1315,05/11/2011,2,6,12,18,44,45,28,32
1314,29/10/2011,11,12,15,20,32,33,14,19
1313,22/10/2011,7,19,28,29,43,45,24,27
1312,15/10/2011,8,12,18,21,24,30,33,37
1311,08/10/2011,7,18,22,37,38,39,23,27
1310,01/10/2011,19,25,30,38,42,44,4,20
1309,24/09/2011,7,10,11,14,37,39,20,40
1308,17/09/2011,8,10,12,21,37,42,33,40
1307,10/09/2011,10,20,21,25,38,39,4,43
1306,03/09/2011,1,7,21,22,23,27,29,40
1305,27/08/2011,4,8,16,32,33,34,26,29
1304,20/08/2011,3,24,26,30,32,39,4,8
1303,13/08/2011,8,13,15,22,33,34,10,41
1302,06/08/2011,4,6,9,27,39,43,16,34
1301,30/07/2011,2,5,9,16,23,31,34,38
1300,23/07/2011,1,4,22,24,31,33,6,10
1299,16/07/2011,11,16,17,29,35,38,24,34
1298,09/07/2011,15,32,34,36,41,45,39,40
1297,02/07/2011,6,10,14,17,39,40,3,5
1296,25/06/2011,10,11,12,15,22,28,5,13
1295,18/06/2011,1,6,14,19,32,42,10,34
1294,11/06/2011,3,11,17,30,36,38,15,42
1293,04/06/2011,1,19,22,23,27,45,3,38
1292,28/05/2011,1,9,11,13,33,35,22,30
1291,21/05/2011,8,13,15,19,27,43,16,34
1290,14/05/2011,4,10,18,22,31,45,24,40
1289,07/05/2011,12,24,26,28,39,44,4,36
1288,30/04/2011,1,7,15,33,35,40,39,45
1287,23/04/2011,5,10,13,25,32,37,24,41
1286,16/04/2011,1,14,18,22,23,29,28,39
1285,09/04/2011,3,4,11,13,41,45,8,39
1284,02/04/2011,10,14,24,30,40,41,2,8
1283,26/03/2011,1,14,23,34,41,42,27,37
1282,19/03/2011,2,6,7,8,18,21,11,24
1281,12/03/2011,4,13,17,21,38,40,18,32
1280,05/03/2011,12,19,22,26,32,33,1,8
1279,26/02/2011,1,4,21,23,24,43,10,32
1278,19/02/2011,1,5,14,23,41,45,2,8
1277,12/02/2011,4,9,10,26,38,44,23,40
1276,05/02/2011,5,11,19,30,42,45,18,24
1275,29/01/2011,2,11,15,19,20,25,1,13
1274,22/01/2011,3,15,17,21,34,43,16,41
1273,15/01/2011,10,12,23,26,27,31,4,24
1272,08/01/2011,5,6,19,23,35,38,18,22
1271,31/12/2010,10,11,13,19,24,41,3,17
1270,25/12/2010,4,11,12,22,29,38,30,41
1269,18/12/2010,4,13,25,26,42,44,15,22
1268,11/12/2010,10,16,18,26,32,33,12,19
1267,04/12/2010,9,10,12,13,39,43,1,31
1266,27/11/2010,2,12,15,24,35,37,5,40
1265,20/11/2010,7,19,21,25,38,42,27,32
1264,13/11/2010,14,15,26,27,35,41,23,38
1263,06/11/2010,15,24,25,28,30,39,7,45
1262,30/10/2010,4,6,7,27,31,45,15,20
1261,23/10/2010,12,23,31,34,39,43,1,9
1260,16/10/2010,15,19,28,36,39,41,11,34
1259,09/10/2010,1,11,24,26,32,36,8,14
1258,02/10/2010,8,9,29,33,37,42,1,3
1257,25/09/2010,12,22,24,26,31,38,19,29
1256,18/09/2010,7,18,31,35,40,44,15,38
1255,11/09/2010,5,11,15,36,42,44,1,4
1254,04/09/2010,1,20,28,35,36,44,3,21
1253,28/08/2010,3,9,11,29,30,34,10,38
1252,21/08/2010,1,8,11,16,31,38,15,33
1251,14/08/2010,2,12,13,29,31,40,21,25
1250,07/08/2010,5,28,35,39,40,41,21,36
1249,31/07/2010,4,14,25,35,41,43,6,28
1248,24/07/2010,6,13,16,24,30,33,34,43
1247,17/07/2010,2,11,17,19,39,40,14,20
1246,10/07/2010,17,23,30,38,40,42,15,24
1245,03/07/2010,1,6,10,15,26,40,4,36
1244,26/06/2010,2,5,10,22,37,38,21,23
1243,19/06/2010,5,11,13,16,25,29,37,43
1242,12/06/2010,1,7,11,21,23,43,20,35
1241,05/06/2010,5,13,24,26,28,41,20,25
1240,29/05/2010,2,12,19,22,30,40,11,39
1239,22/05/2010,7,8,16,17,27,40,11,43
1238,15/05/2010,4,6,13,15,18,35,8,16
1237,08/05/2010,7,21,34,39,42,43,3,4
1236,01/05/2010,20,24,25,29,31,34,5,44
1235,24/04/2010,4,5,12,18,20,25,7,37
1234,17/04/2010,5,6,22,32,36,43,25,34
1233,10/04/2010,15,17,27,33,40,43,24,44
1232,03/04/2010,12,18,21,22,33,38,2,28
1231,27/03/2010,9,13,16,23,27,33,21,42
1230,20/03/2010,10,12,15,26,29,40,3,39
1229,13/03/2010,7,17,24,31,42,43,35,36
1228,06/03/2010,4,18,21,24,28,41,33,34
1227,27/02/2010,20,26,29,31,33,40,12,30
1226,20/02/2010,1,13,18,33,36,37,11,22
1225,13/02/2010,1,7,14,34,41,45,15,21
1224,06/02/2010,8,11,23,25,27,42,20,33
1223,30/01/2010,12,13,15,21,22,43,11,42
1222,23/01/2010,8,13,15,18,29,38,1,36
1221,16/01/2010,14,27,32,33,36,41,6,35
1220,09/01/2010,6,8,18,20,36,45,29,39
1219,02/01/2010,5,12,16,33,34,42,30,32
1218,26/12/2009,6,9,11,24,28,42,36,37
1217,19/12/2009,2,3,5,7,9,23,26,41
1216,12/12/2009,1,2,24,25,31,34,23,44
1215,05/12/2009,1,10,26,31,32,44,38,45
1214,28/11/2009,11,19,28,36,37,40,17,29
1213,21/11/2009,4,16,19,23,28,44,33,41
1212,14/11/2009,2,9,13,23,26,36,16,25
1211,07/11/2009,1,14,21,29,33,36,4,25
1210,31/10/2009,6,24,29,30,37,44,9,35
1209,24/10/2009,2,14,16,23,34,39,12,17
1208,17/10/2009,2,10,22,24,26,44,5,31
1207,10/10/2009,2,6,13,14,25,32,31,33
1206,03/10/2009,3,16,18,32,39,42,19,40
1205,26/09/2009,1,7,13,16,30,40,22,23
1204,19/09/2009,2,20,24,29,33,41,13,19
1203,12/09/2009,4,21,30,35,42,43,31,45
1202,05/09/2009,9,11,20,29,34,39,31,36
1201,29/08/2009,4,23,30,35,36,43,15,18
1200,22/08/2009,7,11,32,37,38,40,16,24
1199,15/08/2009,1,18,28,30,37,43,2,11
1198,08/08/2009,14,19,29,33,39,40,16,22
1197,01/08/2009,5,16,24,27,28,40,8,29
1196,25/07/2009,5,14,16,25,35,38,36,39
1195,18/07/2009,2,5,6,8,12,13,14,40
1194,11/07/2009,5,9,20,29,33,37,12,24
1193,04/07/2009,1,13,25,38,43,45,6,10
1192,27/06/2009,9,14,20,24,25,38,5,26
1191,20/06/2009,1,15,17,33,34,37,32,44
1190,13/06/2009,13,19,22,29,36,42,23,45
1189,06/06/2009,19,20,31,36,43,45,34,35
1188,30/05/2009,6,26,33,34,40,45,1,22
1187,23/05/2009,6,8,18,25,27,37,10,28
1186,16/05/2009,3,14,15,19,25,44,16,26
1185,09/05/2009,8,13,14,22,24,31,2,40
1184,02/05/2009,1,5,38,41,42,45,14,32
1183,25/04/2009,3,13,17,32,38,44,43,45
1182,18/04/2009,3,5,8,14,30,34,6,9
1181,11/04/2009,1,2,10,27,41,43,42,44
1180,04/04/2009,1,8,34,37,38,42,23,40
1179,28/03/2009,5,21,22,25,27,38,8,43
1178,21/03/2009,3,13,18,19,29,38,9,12
1177,14/03/2009,6,17,20,26,38,41,3,13
1176,07/03/2009,2,6,12,34,39,41,28,36
1175,28/02/2009,17,21,22,24,28,34,6,35
1174,21/02/2009,8,10,13,17,26,33,6,35
1173,14/02/2009,5,6,20,23,24,26,28,29
1172,07/02/2009,2,5,18,20,27,37,6,43
1171,31/01/2009,4,5,15,18,30,34,8,13
1170,24/01/2009,18,24,31,32,41,44,4,14
1169,17/01/2009,4,9,27,37,42,45,18,36
1168,10/01/2009,8,12,16,19,22,42,28,40
1167,03/01/2009,17,25,28,34,37,45,8,23
1166,27/12/2008,6,16,24,26,36,41,25,43
1165,20/12/2008,18,20,22,27,28,40,8,24
1164,13/12/2008,7,10,11,21,34,40,3,22
1163,06/12/2008,1,2,10,15,17,21,16,28
1162,29/11/2008,6,18,30,37,43,44,11,23
1161,22/11/2008,1,11,15,28,35,39,24,33
1160,15/11/2008,14,22,28,34,39,40,18,33
1159,08/11/2008,7,11,14,25,31,32,6,26
1158,01/11/2008,5,11,21,23,30,35,17,39
1157,25/10/2008,21,22,24,30,32,45,1,38
1156,18/10/2008,1,9,12,30,38,42,14,26
1155,11/10/2008,10,15,17,18,20,31,27,37
1154,04/10/2008,19,24,27,36,40,43,11,42
1153,27/09/2008,4,9,10,11,21,28,7,33
1152,20/09/2008,4,7,19,22,25,28,14,18
1151,13/09/2008,9,11,20,30,41,45,6,40
1150,06/09/2008,5,11,29,31,32,42,6,39
1149,30/08/2008,1,4,10,27,33,44,13,31
1148,23/08/2008,7,8,13,23,28,40,34,37
1147,16/08/2008,2,5,18,24,36,42,35,38
1146,09/08/2008,12,26,34,40,43,45,21,29
1145,02/08/2008,3,9,14,24,40,42,28,36
1144,26/07/2008,8,14,22,24,25,30,10,38
1143,19/07/2008,8,9,33,34,40,43,11,32
1142,12/07/2008,27,29,37,38,39,45,36,44
1141,05/07/2008,3,9,20,31,40,45,8,44
1140,28/06/2008,3,10,11,37,40,44,26,36
1139,21/06/2008,3,12,17,24,37,44,21,36
1138,14/06/2008,3,4,8,34,35,44,2,6
1137,07/06/2008,2,12,20,27,30,31,8,32
1136,31/05/2008,6,7,9,12,32,45,5,30
1135,24/05/2008,15,30,32,33,34,45,41,44
1134,17/05/2008,6,10,11,15,28,39,5,43
1133,10/05/2008,1,3,6,21,22,40,4,24
1132,03/05/2008,7,18,22,24,41,43,2,3
1131,26/04/2008,4,30,34,35,38,41,6,10
1130,19/04/2008,18,23,25,33,37,43,12,15
1129,12/04/2008,20,21,31,32,38,39,2,11
1128,05/04/2008,3,5,13,26,29,32,8,43
1127,29/03/2008,5,8,17,29,32,40,2,38
1126,22/03/2008,3,10,21,27,29,36,20,44
1125,15/03/2008,6,10,26,35,39,43,21,27
1124,08/03/2008,3,11,31,35,41,44,40,45
1123,01/03/2008,5,15,18,19,21,30,33,34
1122,23/02/2008,21,24,34,39,42,43,4,28
1121,16/02/2008,1,9,13,19,24,41,34,38
1120,09/02/2008,9,10,21,26,28,31,12,14
1119,02/02/2008,12,26,30,31,40,42,2,4
1118,26/01/2008,4,12,19,24,35,40,26,29
1117,19/01/2008,3,19,22,29,37,43,12,15
1116,12/01/2008,3,15,24,35,41,42,11,16
1115,05/01/2008,4,7,13,21,29,38,8,34
1114,29/12/2007,2,21,22,26,39,45,,
1113,22/12/2007,3,22,26,27,29,30,,
1112,15/12/2007,1,7,8,35,37,41,,
1111,08/12/2007,16,17,28,37,42,43,,
1110,01/12/2007,1,6,16,19,38,44,,
1109,24/11/2007,2,6,10,20,31,41,,
1108,17/11/2007,5,6,20,23,25,35,,
1107,10/11/2007,5,6,16,22,24,36,,
1106,03/11/2007,14,16,32,34,40,43,,
1105,27/10/2007,9,23,26,34,40,44,,
1104,20/10/2007,5,17,19,20,38,40,,
1103,13/10/2007,6,10,14,23,34,36,,
1102,06/10/2007,6,18,22,33,38,45,,
1101,29/09/2007,7,15,18,25,34,42,,
1100,22/09/2007,7,16,19,22,23,34,,
1099,15/09/2007,1,17,29,30,39,44,,
1098,08/09/2007,18,27,33,34,38,41,,
1097,01/09/2007,1,11,15,25,43,45,,
1096,25/08/2007,3,4,5,12,28,31,,
1095,18/08/2007,2,6,9,17,32,40,,
1094,11/08/2007,9,17,18,20,27,41,,
1093,04/08/2007,8,12,21,25,27,33,,
1092,28/07/2007,2,6,16,21,38,42,,
1091,21/07/2007,1,3,5,10,22,43,,
1090,14/07/2007,11,18,21,30,32,36,,
1089,07/07/2007,12,20,23,30,32,39,,
1088,30/06/2007,6,10,11,16,26,33,,
1087,23/06/2007,1,18,23,36,37,38,,
1086,16/06/2007,7,8,9,21,31,41,,
1085,09/06/2007,8,11,14,17,18,44,,
1084,02/06/2007,19,21,23,25,40,42,,
1083,26/05/2007,2,9,25,29,42,44,,
1082,19/05/2007,15,17,18,27,28,29,,
1081,12/05/2007,11,12,26,32,38,39,,
1080,05/05/2007,3,17,29,31,32,35,,
1079,28/04/2007,2,10,19,20,25,27,,
1078,21/04/2007,3,4,6,18,24,38,,
1077,14/04/2007,19,23,33,38,42,45,,
1076,07/04/2007,4,11,17,41,43,45,,
1075,31/03/2007,2,5,7,8,23,36,,
1074,24/03/2007,8,11,15,23,38,41,,
1073,17/03/2007,1,2,23,27,34,42,,
1072,10/03/2007,7,10,12,18,31,39,,
1071,03/03/2007,3,10,11,17,32,44,,
1070,24/02/2007,9,17,20,38,44,45,,
1069,17/02/2007,3,5,12,16,27,30,,
1068,10/02/2007,5,11,16,22,25,27,,
1067,03/02/2007,5,6,7,18,21,25,,
1066,27/01/2007,1,10,14,16,32,34,,
1065,20/01/2007,4,5,20,24,25,33,,
1064,13/01/2007,4,12,13,16,33,42,,
1063,06/01/2007,4,21,22,24,25,26,,
1062,30/12/2006,2,4,9,21,28,36,,
1061,23/12/2006,2,15,18,29,32,43,,
1060,16/12/2006,9,11,17,26,27,37,,
1059,09/12/2006,1,4,7,25,36,41,,
1058,02/12/2006,11,14,16,23,33,41,,
1057,25/11/2006,2,7,14,26,37,40,,
1056,18/11/2006,21,22,24,37,38,43,,
1055,11/11/2006,6,22,32,33,36,37,,
1054,04/11/2006,1,6,7,15,19,21,,
1053,28/10/2006,4,15,18,34,35,36,,
1052,21/10/2006,9,19,22,24,29,31,,
1051,14/10/2006,3,6,12,27,42,45,,
1050,07/10/2006,1,6,8,13,18,40,,
1049,30/09/2006,7,19,26,35,41,42,,
1048,23/09/2006,6,12,13,34,38,41,,
1047,16/09/2006,12,23,31,33,34,38,,
1046,09/09/2006,3,9,17,22,23,37,,
1045,02/09/2006,17,20,37,40,42,45,,
1044,26/08/2006,6,7,25,33,35,45,,
1043,19/08/2006,3,22,34,35,39,40,,
1042,12/08/2006,2,6,14,21,24,45,,
1041,05/08/2006,1,10,19,33,37,41,,
1040,29/07/2006,5,7,16,26,27,37,,
1039,22/07/2006,14,22,29,30,39,41,,
1038,15/07/2006,11,22,23,24,38,39,,
1037,08/07/2006,6,11,15,21,32,36,,
1036,01/07/2006,3,14,33,42,44,45,,
1035,24/06/2006,3,7,8,13,14,23,,
1034,17/06/2006,3,11,15,22,27,38,,
1033,10/06/2006,2,5,16,25,40,42,,
1032,03/06/2006,2,21,33,40,41,42,,
1031,27/05/2006,9,12,18,24,33,43,,
1030,20/05/2006,8,10,37,38,39,44,,
1029,13/05/2006,2,9,14,18,25,40,,
1028,06/05/2006,18,23,29,32,38,42,,
1027,29/04/2006,18,19,25,32,37,39,,
1026,22/04/2006,10,12,13,20,37,38,,
1025,15/04/2006,3,17,18,19,23,36,,
1024,08/04/2006,3,7,10,11,21,32,,
1023,01/04/2006,4,8,14,16,35,45,,
1022,25/03/2006,8,14,17,30,31,34,,
1021,18/03/2006,18,24,25,36,40,41,,
1020,11/03/2006,4,6,21,23,28,43,,
1019,04/03/2006,11,29,32,33,42,43,,
1018,25/02/2006,5,8,21,22,32,41,,
1017,18/02/2006,11,21,22,25,32,45,,
1016,11/02/2006,12,16,21,24,28,42,,
1015,04/02/2006,5,15,21,27,37,43,,
1014,28/01/2006,2,13,24,28,31,40,,
1013,21/01/2006,12,17,21,29,31,42,,
1012,14/01/2006,3,11,19,26,42,44,,
1011,07/01/2006,8,12,14,28,32,36,,
1010,31/12/2005,9,12,15,20,39,43,,
1009,24/12/2005,5,9,20,23,26,35,,
1008,17/12/2005,2,4,13,19,20,41,,
1007,10/12/2005,1,6,10,29,36,41,,
1006,03/12/2005,4,6,17,20,21,38,,
1005,26/11/2005,11,22,32,33,37,38,,
1004,19/11/2005,19,20,21,26,27,40,,
1003,12/11/2005,7,11,12,18,19,20,,
1002,05/11/2005,8,9,25,26,30,32,,
1001,29/10/2005,1,13,23,27,33,44,,
1000,22/10/2005,2,14,15,37,39,44,,
999,15/10/2005,2,7,8,12,22,36,,
998,08/10/2005,1,5,11,12,17,34,,
997,01/10/2005,13,16,24,27,35,36,,
996,24/09/2005,4,5,8,13,24,35,,
995,17/09/2005,8,12,17,21,36,39,,
994,10/09/2005,3,13,24,36,39,40,,
993,03/09/2005,13,19,23,33,40,41,,
992,27/08/2005,5,13,24,25,27,39,,
991,20/08/2005,19,24,25,27,28,36,,
990,13/08/2005,5,33,38,39,40,42,,
989,06/08/2005,2,6,8,23,28,40,,
988,30/07/2005,1,7,10,22,26,40,,
987,23/07/2005,7,8,11,16,23,42,,
986,16/07/2005,3,11,12,13,32,34,,
985,09/07/2005,3,4,10,33,44,45,,
984,02/07/2005,3,19,26,37,39,45,,
983,25/06/2005,6,12,27,32,34,37,,
982,18/06/2005,8,9,13,15,31,43,,
981,11/06/2005,3,4,5,23,28,42,,
980,04/06/2005,13,15,21,33,35,37,,
979,28/05/2005,6,12,15,25,34,45,,
978,21/05/2005,6,21,22,29,40,41,,
977,14/05/2005,2,7,27,37,38,39,,
976,07/05/2005,3,7,13,33,36,45,,
975,30/04/2005,14,17,31,33,34,36,,
974,23/04/2005,18,22,26,31,34,43,,
973,16/04/2005,7,11,26,34,35,45,,
972,09/04/2005,6,7,14,15,34,43,,
971,02/04/2005,9,10,18,19,30,45,,
970,26/03/2005,13,18,19,23,28,32,,
969,19/03/2005,1,15,19,20,25,41,,
968,12/03/2005,6,7,17,24,31,38,,
967,05/03/2005,13,15,37,39,42,45,,
966,26/02/2005,1,2,6,24,26,36,,
965,19/02/2005,4,6,7,35,38,41,,
964,12/02/2005,4,10,13,19,30,40,,
963,05/02/2005,3,12,14,19,23,28,,
962,29/01/2005,13,20,21,34,42,45,,
961,22/01/2005,2,4,5,17,31,36,,
960,15/01/2005,1,18,23,28,32,33,,
959,08/01/2005,10,17,18,19,29,39,,
958,31/12/2004,4,7,8,10,21,25,,
957,25/12/2004,3,8,23,25,28,42,,
956,18/12/2004,11,16,31,34,44,45,,
955,11/12/2004,21,22,29,38,40,44,,
954,04/12/2004,14,21,28,29,36,44,,
953,27/11/2004,12,15,21,25,32,40,,
952,20/11/2004,6,9,12,17,22,32,,
951,13/11/2004,4,12,18,28,30,36,,
950,06/11/2004,3,8,9,36,38,41,,
949,30/10/2004,5,12,21,36,40,41,,
948,23/10/2004,4,14,17,20,31,38,,
947,16/10/2004,2,14,15,20,29,30,,
946,09/10/2004,7,22,32,33,40,43,,
945,02/10/2004,11,19,21,23,25,27,,
944,25/09/2004,1,2,14,35,36,39,,
943,18/09/2004,19,22,25,26,36,43,,
942,11/09/2004,2,6,28,35,36,42,,
941,04/09/2004,3,9,23,32,33,37,,
940,28/08/2004,21,22,35,40,42,45,,
939,21/08/2004,5,6,10,16,36,42,,
938,14/08/2004,23,32,36,38,41,42,,
937,07/08/2004,3,19,24,35,40,45,,
936,31/07/2004,9,13,15,20,36,41,,
935,24/07/2004,18,26,29,33,39,41,,
934,17/07/2004,4,10,26,35,36,39,,
933,10/07/2004,11,12,20,22,29,37,,
932,03/07/2004,1,3,9,14,21,27,,
931,26/06/2004,6,7,12,21,39,44,,
930,19/06/2004,3,5,7,24,33,40,,
929,12/06/2004,4,6,8,9,13,21,,
928,05/06/2004,17,18,31,35,36,44,,
927,29/05/2004,6,13,16,34,36,38,,
926,22/05/2004,4,22,24,28,29,33,,
925,15/05/2004,11,25,35,40,41,44,,
924,08/05/2004,3,14,19,26,29,31,,
923,01/05/2004,8,22,28,38,40,43,,
922,24/04/2004,1,3,11,34,37,39,,
921,17/04/2004,7,12,13,15,27,33,,
920,10/04/2004,4,7,13,22,29,42,,
919,03/04/2004,6,22,30,32,39,45,,
918,27/03/2004,1,15,17,38,40,41,,
917,20/03/2004,5,8,13,20,32,37,,
916,13/03/2004,6,13,15,18,27,45,,
915,06/03/2004,1,9,25,28,36,44,,
914,28/02/2004,1,8,20,27,28,36,,
913,21/02/2004,4,25,26,31,32,33,,
912,14/02/2004,7,8,17,27,37,45,,
911,07/02/2004,4,5,10,19,28,32,,
910,31/01/2004,3,12,16,18,34,37,,
909,24/01/2004,12,13,15,26,34,39,,
908,17/01/2004,6,9,10,11,16,42,,
907,10/01/2004,4,7,18,27,33,37,,
906,03/01/2004,5,9,18,22,26,37,,
905,27/12/2003,15,24,26,31,34,43,,
904,20/12/2003,1,5,6,11,28,36,,
903,13/12/2003,4,28,29,33,37,40,,
902,06/12/2003,1,10,18,25,35,37,,
901,29/11/2003,3,13,24,38,39,42,,
900,22/11/2003,1,3,19,33,41,45,,
899,15/11/2003,15,23,28,29,34,39,,
898,08/11/2003,6,11,24,37,40,42,,
897,01/11/2003,1,4,6,21,37,40,,
896,25/10/2003,6,8,27,31,32,38,,
895,18/10/2003,3,17,26,32,33,40,,
894,11/10/2003,3,5,16,17,40,45,,
893,04/10/2003,10,11,18,22,25,36,,
892,27/09/2003,7,9,15,18,26,31,,
891,20/09/2003,7,14,19,34,36,45,,
890,13/09/2003,8,15,29,32,35,39,,
889,06/09/2003,5,11,15,19,20,28,,
888,30/08/2003,5,20,25,33,40,43,,
887,23/08/2003,8,13,20,26,36,42,,
886,16/08/2003,4,21,27,31,40,43,,
885,09/08/2003,1,7,10,23,25,42,,
884,02/08/2003,7,18,26,33,37,43,,
883,26/07/2003,15,21,25,27,35,40,,
882,19/07/2003,2,5,7,20,25,30,,
881,12/07/2003,6,12,16,23,26,30,,
880,05/07/2003,3,16,21,28,40,42,,
879,28/06/2003,1,25,31,33,44,45,,
878,21/06/2003,3,5,8,16,26,31,,
877,14/06/2003,1,5,17,18,30,40,,
876,07/06/2003,2,8,18,24,39,41,,
875,31/05/2003,3,21,25,36,43,45,,
874,24/05/2003,1,4,5,8,28,41,,
873,17/05/2003,5,17,22,28,38,42,,
872,10/05/2003,3,4,5,7,31,38,,
871,03/05/2003,8,9,10,12,21,32,,
870,26/04/2003,15,16,21,22,29,34,,
869,19/04/2003,8,9,12,15,26,33,,
868,12/04/2003,4,7,8,31,32,36,,
867,05/04/2003,3,11,12,24,28,32,,
866,29/03/2003,6,10,14,25,28,45,,
865,22/03/2003,7,15,16,21,22,27,,
864,15/03/2003,1,8,13,24,35,42,,
863,08/03/2003,2,17,19,21,30,41,,
862,01/03/2003,12,15,23,30,36,42,,
861,22/02/2003,11,15,26,32,40,45,,
860,15/02/2003,8,22,31,35,37,43,,
859,08/02/2003,10,13,14,15,26,29,,
858,01/02/2003,15,16,20,29,33,34,,
857,25/01/2003,5,7,18,34,35,42,,
856,18/01/2003,6,7,19,20,35,42,,
855,11/01/2003,1,3,9,10,21,33,,
854,04/01/2003,8,18,24,25,27,30,,
853,28/12/2002,1,4,6,24,29,40,,
852,21/12/2002,5,6,7,29,34,43,,
851,14/12/2002,2,5,9,28,30,42,,
850,07/12/2002,22,23,32,35,39,44,,
849,30/11/2002,1,11,12,37,41,43,,
848,23/11/2002,7,21,22,34,37,38,,
847,16/11/2002,17,22,31,39,42,43,,
846,09/11/2002,15,26,31,36,37,41,,
845,02/11/2002,9,13,14,25,31,34,,
844,26/10/2002,7,31,32,39,40,44,,
843,19/10/2002,5,8,19,21,22,31,,
842,12/10/2002,1,10,17,29,38,41,,
841,05/10/2002,1,3,8,20,27,36,,
840,28/09/2002,12,21,22,25,37,39,,
839,21/09/2002,5,6,7,19,21,26,,
838,14/09/2002,10,11,23,28,38,41,,
837,07/09/2002,3,7,20,22,35,45,,
836,31/08/2002,2,10,16,31,35,40,,
835,24/08/2002,3,12,31,35,39,45,,
834,17/08/2002,9,15,19,20,23,26,,
833,10/08/2002,5,19,28,29,39,41,,
832,03/08/2002,2,8,11,21,27,41,,
831,27/07/2002,1,6,13,19,27,36,,
830,20/07/2002,6,8,11,21,39,44,,
829,13/07/2002,7,17,20,23,27,42,,
828,06/07/2002,10,14,25,33,43,45,,
827,29/06/2002,2,3,5,29,30,38,,
826,22/06/2002,5,17,31,36,43,45,,
825,15/06/2002,2,17,27,30,34,45,,
824,08/06/2002,7,8,18,30,31,33,,
823,01/06/2002,6,14,17,22,23,34,,
822,25/05/2002,5,6,8,21,22,27,,
821,18/05/2002,10,32,36,38,39,40,,
820,11/05/2002,2,8,17,23,25,33,,
819,04/05/2002,1,8,22,27,30,40,,
818,27/04/2002,8,24,28,32,34,40,,
817,20/04/2002,5,14,22,32,35,40,,
816,13/04/2002,4,17,21,26,32,40,,
815,06/04/2002,3,15,29,31,36,45,,
814,30/03/2002,26,31,32,36,40,45,,
813,23/03/2002,1,4,7,8,21,42,,
812,16/03/2002,1,7,25,27,36,43,,
811,09/03/2002,10,25,38,42,44,45,,
810,02/03/2002,9,12,14,19,22,24,,
809,23/02/2002,4,13,16,19,34,41,,
808,16/02/2002,14,17,26,28,37,41,,
807,09/02/2002,11,12,37,39,41,42,,
806,02/02/2002,1,6,7,19,23,36,,
805,26/01/2002,2,9,11,22,24,43,,
804,19/01/2002,11,18,22,32,36,37,,
803,12/01/2002,1,2,14,20,30,43,,
802,05/01/2002,7,9,23,24,35,44,,
801,29/12/2001,2,10,26,32,38,40,,
800,22/12/2001,1,6,7,23,33,38,,
799,15/12/2001,12,16,17,32,41,45,,
798,08/12/2001,12,25,26,29,35,39,,
797,01/12/2001,5,7,18,21,22,29,,
796,24/11/2001,3,11,16,17,28,38,,
795,17/11/2001,4,14,16,18,28,44,,
794,10/11/2001,3,8,9,18,35,42,,
793,03/11/2001,4,7,15,27,43,45,,
792,27/10/2001,10,14,21,22,37,45,,
791,20/10/2001,1,7,13,25,36,41,,
790,13/10/2001,5,11,15,16,20,37,,
789,06/10/2001,4,8,16,18,22,42,,
788,29/09/2001,14,17,30,32,37,40,,
787,22/09/2001,8,9,13,22,26,34,,
786,15/09/2001,15,22,25,34,35,41,,
785,08/09/2001,3,20,27,31,41,44,,
784,01/09/2001,2,12,18,23,29,40,,
783,25/08/2001,18,24,26,27,39,42,,
782,18/08/2001,2,9,12,14,35,37,,
781,11/08/2001,12,20,31,33,34,44,,
780,04/08/2001,3,4,12,14,20,29,,
779,28/07/2001,7,14,23,28,34,41,,
778,21/07/2001,6,19,31,34,36,38,,
777,14/07/2001,15,17,21,25,30,33,,
776,07/07/2001,1,2,4,18,23,41,,
775,30/06/2001,2,3,5,9,25,43,,
774,23/06/2001,1,8,14,20,22,45,,
773,16/06/2001,15,17,28,34,36,42,,
772,09/06/2001,3,5,20,22,36,38,,
771,02/06/2001,3,12,19,23,24,30,,
770,26/05/2001,5,7,25,26,33,45,,
769,19/05/2001,1,5,12,22,27,30,,
768,12/05/2001,14,17,19,20,24,38,,
767,05/05/2001,9,24,29,31,32,33,,
766,28/04/2001,4,5,7,12,24,36,,
765,21/04/2001,4,5,28,31,37,45,,
764,14/04/2001,6,7,17,19,20,23,,
763,07/04/2001,10,20,21,27,32,33,,
762,31/03/2001,3,7,16,32,37,38,,
761,24/03/2001,16,23,26,30,33,45,,
760,17/03/2001,1,17,24,32,34,41,,
759,10/03/2001,4,5,17,18,29,36,,
758,03/03/2001,8,12,13,31,37,40,,
757,24/02/2001,2,6,10,12,13,33,,
756,17/02/2001,5,24,25,26,37,45,,
755,10/02/2001,5,11,12,29,41,44,,
754,03/02/2001,5,14,20,22,30,40,,
753,27/01/2001,10,24,26,37,39,44,,
752,20/01/2001,4,7,9,15,27,43,,
751,13/01/2001,6,20,24,35,39,42,,
750,06/01/2001,6,10,20,31,38,44,,
749,30/12/2000,7,18,26,27,34,43,,
748,23/12/2000,8,10,19,21,27,45,,
747,16/12/2000,4,5,18,38,42,43,,
746,09/12/2000,10,11,22,26,28,37,,
745,02/12/2000,2,13,15,20,25,40,,
744,25/11/2000,4,15,19,30,33,38,,
743,18/11/2000,2,9,19,38,40,42,,
742,11/11/2000,8,21,26,28,35,39,,
741,04/11/2000,1,9,17,22,26,30,,
740,28/10/2000,10,16,21,31,39,42,,
739,21/10/2000,1,12,22,26,38,44,,
738,14/10/2000,11,23,27,38,43,44,,
737,07/10/2000,3,7,8,23,25,34,,
736,30/09/2000,1,3,6,7,11,24,,
735,23/09/2000,3,22,24,28,36,40,,
734,16/09/2000,1,8,20,31,32,37,,
733,09/09/2000,12,24,29,32,43,45,,
732,02/09/2000,6,10,25,28,35,38,,
731,26/08/2000,11,22,23,33,35,39,,
730,19/08/2000,1,7,16,19,23,44,,
729,12/08/2000,1,10,16,22,27,36,,
728,05/08/2000,6,11,13,21,24,43,,
727,29/07/2000,1,3,5,19,22,29,,
726,22/07/2000,7,8,15,16,25,36,,
725,15/07/2000,16,24,32,34,39,42,,
724,08/07/2000,6,8,10,13,25,38,,
723,01/07/2000,4,5,8,10,22,39,,
722,24/06/2000,8,24,25,39,40,41,,
721,17/06/2000,6,11,12,13,21,32,,
720,10/06/2000,4,6,12,22,29,43,,
719,03/06/2000,16,25,28,34,42,43,,
718,27/05/2000,6,14,33,42,43,44,,
717,20/05/2000,2,8,22,24,36,42,,
716,13/05/2000,2,3,7,22,35,45,,
715,06/05/2000,7,16,19,33,40,41,,
714,29/04/2000,20,24,29,30,31,45,,
713,22/04/2000,16,30,33,37,40,41,,
712,15/04/2000,1,15,18,25,34,40,,
711,08/04/2000,13,18,36,37,39,43,,
710,01/04/2000,11,13,17,23,31,39,,
709,25/03/2000,2,20,24,25,26,41,,
708,18/03/2000,21,22,33,34,37,39,,
707,11/03/2000,1,11,12,19,37,39,,
706,04/03/2000,3,12,15,25,31,33,,
705,26/02/2000,2,7,13,17,23,35,,
704,19/02/2000,5,18,19,23,33,43,,
703,12/02/2000,9,10,22,25,28,33,,
702,05/02/2000,3,14,18,22,24,39,,
701,29/01/2000,7,13,19,22,29,45,,
700,22/01/2000,5,7,21,25,26,42,,
699,15/01/2000,6,12,15,30,32,33,,
698,08/01/2000,5,6,17,22,39,40,,
697,31/12/1999,5,11,26,33,39,45,,
696,25/12/1999,12,16,24,28,35,39,,
695,18/12/1999,20,24,38,40,42,43,,
694,11/12/1999,9,21,22,26,39,43,,
693,04/12/1999,18,19,30,31,42,45,,
692,27/11/1999,9,24,29,32,39,45,,
691,20/11/1999,16,25,29,36,39,40,,
690,13/11/1999,11,12,15,31,40,41,,
689,06/11/1999,5,6,13,23,30,35,,
688,30/10/1999,8,27,28,34,37,42,,
687,23/10/1999,11,15,16,21,24,33,,
686,16/10/1999,10,19,23,26,34,38,,
685,09/10/1999,9,18,19,36,39,40,,
684,02/10/1999,5,19,20,22,29,39,,
683,25/09/1999,5,9,19,24,27,35,,
682,18/09/1999,1,7,10,11,18,36,,
681,11/09/1999,4,11,26,29,33,34,,
680,04/09/1999,8,14,17,20,37,39,,
679,28/08/1999,4,13,16,22,26,45,,
678,21/08/1999,1,9,14,32,35,42,,
677,14/08/1999,11,25,26,34,38,42,,
676,07/08/1999,16,21,22,29,39,45,,
675,31/07/1999,10,11,24,25,26,36,,
674,24/07/1999,1,2,12,29,34,42,,
673,17/07/1999,4,5,8,9,37,43,,
672,10/07/1999,3,17,19,23,29,37,,
671,03/07/1999,16,19,20,27,35,41,,
670,26/06/1999,8,10,16,28,34,38,,
669,19/06/1999,4,10,12,23,33,41,,
668,12/06/1999,1,14,22,26,29,37,,
667,05/06/1999,5,9,23,30,33,37,,
666,29/05/1999,13,15,18,21,37,41,,
665,22/05/1999,22,23,25,35,39,42,,
664,15/05/1999,2,5,31,35,42,43,,
663,08/05/1999,2,8,11,23,24,26,,
662,01/05/1999,1,10,18,31,37,38,,
661,24/04/1999,5,13,15,16,20,26,,
660,17/04/1999,20,22,24,27,34,38,,
659,10/04/1999,16,18,21,28,35,38,,
658,03/04/1999,4,15,23,27,32,33,,
657,27/03/1999,7,27,31,33,34,39,,
656,20/03/1999,2,15,20,25,32,44,,
655,13/03/1999,3,6,19,24,26,41,,
654,06/03/1999,16,19,33,34,35,40,,
653,27/02/1999,12,13,23,26,39,41,,
652,20/02/1999,10,20,25,38,39,43,,
651,13/02/1999,15,16,29,33,34,35,,
650,06/02/1999,8,12,18,30,39,41,,
649,30/01/1999,3,25,36,43,44,45,,
648,23/01/1999,3,5,8,15,16,41,,
647,16/01/1999,9,19,36,38,39,43,,
646,09/01/1999,5,14,16,24,29,41,,
645,02/01/1999,5,18,28,35,41,44,,
644,26/12/1998,2,4,13,31,33,37,,
643,19/12/1998,4,5,16,18,22,27,,
642,12/12/1998,2,9,18,25,32,36,,
641,05/12/1998,6,18,27,32,33,45,,
640,28/11/1998,2,5,11,25,30,41,,
639,21/11/1998,1,3,18,24,32,38,,
638,14/11/1998,6,25,26,37,44,45,,
637,07/11/1998,4,19,28,33,36,39,,
636,31/10/1998,8,21,30,33,35,40,,
635,24/10/1998,24,31,37,41,43,45,,
634,17/10/1998,2,5,15,16,28,37,,
633,10/10/1998,1,10,15,30,40,41,,
632,03/10/1998,3,7,16,18,24,43,,
631,26/09/1998,20,26,29,33,38,44,,
630,19/09/1998,4,11,12,19,35,37,,
629,12/09/1998,2,19,23,24,39,44,,
628,05/09/1998,1,6,18,39,42,44,,
627,29/08/1998,5,13,25,37,40,44,,
626,22/08/1998,2,9,23,39,42,45,,
625,15/08/1998,3,13,14,18,30,45,,
624,08/08/1998,11,13,18,25,30,39,,
623,01/08/1998,5,8,9,10,17,22,,
622,25/07/1998,5,9,16,32,42,44,,
621,18/07/1998,6,12,18,20,27,45,,
620,11/07/1998,3,4,30,31,36,43,,
619,04/07/1998,5,7,12,22,29,38,,
618,27/06/1998,2,6,24,25,33,42,,
617,20/06/1998,2,17,24,30,34,38,,
616,13/06/1998,11,16,20,32,34,35,,
615,06/06/1998,7,13,21,24,25,34,,
614,30/05/1998,2,8,16,17,23,42,,
613,23/05/1998,4,7,11,20,29,32,,
612,16/05/1998,7,8,10,16,17,36,,
611,09/05/1998,5,7,12,28,39,40,,
610,02/05/1998,8,9,27,37,40,44,,
609,25/04/1998,5,15,20,36,39,45,,
608,18/04/1998,9,10,16,19,21,41,,
607,11/04/1998,3,7,15,34,41,45,,
606,04/04/1998,3,5,6,9,16,18,,
605,28/03/1998,16,21,24,25,36,37,,
604,21/03/1998,6,18,19,30,43,44,,
603,14/03/1998,1,4,16,17,27,42,,
602,07/03/1998,8,9,20,23,25,40,,
601,28/02/1998,1,2,18,31,41,42,,
600,21/02/1998,3,6,12,13,14,17,,
599,14/02/1998,2,7,15,17,25,31,,
598,07/02/1998,2,3,7,20,21,22,,
597,31/01/1998,7,19,26,27,31,40,,
596,24/01/1998,7,8,20,25,28,36,,
595,17/01/1998,2,7,11,17,32,40,,
594,10/01/1998,2,3,4,18,25,41,,
593,03/01/1998,1,5,21,24,37,41,,
592,27/12/1997,4,10,12,28,36,45,,
591,20/12/1997,4,12,14,29,40,44,,
590,13/12/1997,3,28,37,40,41,44,,
589,06/12/1997,2,5,13,29,35,45,,
588,29/11/1997,3,9,12,15,20,38,,
587,22/11/1997,7,10,12,17,28,44,,
586,15/11/1997,3,5,18,19,21,35,,
585,08/11/1997,4,5,6,9,17,30,,
584,01/11/1997,16,25,30,31,39,42,,
583,25/10/1997,11,12,18,19,25,26,,
582,18/10/1997,11,17,23,25,30,43,,
581,11/10/1997,8,9,20,22,26,36,,
580,04/10/1997,12,17,25,30,38,44,,
579,27/09/1997,9,11,23,26,28,39,,
578,20/09/1997,15,17,20,22,26,34,,
577,13/09/1997,7,31,34,39,41,43,,
576,06/09/1997,5,31,33,34,35,42,,
575,30/08/1997,11,15,23,32,35,44,,
574,23/08/1997,7,11,12,22,24,29,,
573,16/08/1997,8,15,18,27,32,35,,
572,09/08/1997,2,4,25,26,28,31,,
571,02/08/1997,20,24,38,43,44,45,,
570,26/07/1997,1,4,15,29,33,36,,
569,19/07/1997,11,17,25,33,41,44,,
568,12/07/1997,6,8,24,26,36,37,,
567,05/07/1997,5,7,9,12,19,30,,
566,28/06/1997,11,20,21,22,27,40,,
565,21/06/1997,1,16,24,25,30,40,,
564,14/06/1997,3,4,12,14,20,41,,
563,07/06/1997,5,6,29,30,31,43,,
562,31/05/1997,1,8,24,26,43,45,,
561,24/05/1997,23,25,28,36,39,43,,
560,17/05/1997,7,12,15,16,26,38,,
559,10/05/1997,2,8,15,17,28,29,,
558,03/05/1997,18,22,30,32,33,36,,
557,26/04/1997,7,11,29,32,36,41,,
556,19/04/1997,16,30,32,39,43,45,,
555,12/04/1997,3,17,23,31,35,37,,
554,05/04/1997,5,7,17,22,27,44,,
553,29/03/1997,1,6,10,23,38,40,,
552,22/03/1997,4,6,19,21,35,36,,
551,15/03/1997,1,2,5,15,20,29,,
550,08/03/1997,1,23,27,29,30,42,,
549,01/03/1997,1,3,22,23,37,39,,
548,22/02/1997,3,4,7,13,22,26,,
547,15/02/1997,1,10,12,29,32,39,,
546,08/02/1997,9,11,15,16,24,39,,
545,01/02/1997,8,15,25,34,37,39,,
544,25/01/1997,14,19,29,36,42,44,,
543,18/01/1997,9,10,11,21,32,41,,
542,11/01/1997,10,23,24,29,36,43,,
541,04/01/1997,6,22,26,27,30,36,,
540,28/12/1996,9,11,20,32,35,40,,
539,21/12/1996,15,20,21,35,40,45,,
538,14/12/1996,4,13,14,21,28,32,,
537,07/12/1996,3,9,19,21,29,42,,
536,30/11/1996,10,28,32,33,37,44,,
535,23/11/1996,4,11,14,24,27,31,,
534,16/11/1996,9,13,24,25,29,39,,
533,09/11/1996,10,26,29,32,40,44,,
532,02/11/1996,2,3,8,9,21,28,,
531,26/10/1996,2,14,20,24,27,29,,
530,19/10/1996,9,18,19,20,26,45,,
529,12/10/1996,4,14,29,32,36,41,,
528,05/10/1996,13,14,22,37,42,43,,
527,28/09/1996,4,12,21,27,33,34,,
526,21/09/1996,24,26,30,31,36,41,,
525,14/09/1996,8,16,23,28,32,45,,
524,07/09/1996,1,28,37,39,40,42,,
523,31/08/1996,6,10,18,20,26,42,,
522,24/08/1996,4,14,19,25,28,38,,
521,17/08/1996,11,12,23,25,30,31,,
520,10/08/1996,1,17,18,24,30,41,,
519,03/08/1996,15,19,31,34,35,43,,
518,27/07/1996,3,5,23,41,42,45,,
517,20/07/1996,5,14,27,29,39,44,,
516,13/07/1996,5,14,16,21,36,45,,
515,06/07/1996,15,16,19,25,30,32,,
514,29/06/1996,2,9,19,29,30,40,,
513,22/06/1996,3,5,8,25,27,44,,
512,15/06/1996,2,13,23,24,32,45,,
511,08/06/1996,10,12,18,32,38,44,,
510,01/06/1996,4,12,16,28,32,35,,
509,25/05/1996,1,11,30,36,42,45,,
508,18/05/1996,12,26,27,37,42,44,,
507,11/05/1996,15,22,25,34,35,36,,
506,04/05/1996,5,29,34,35,36,39,,
505,27/04/1996,7,13,15,26,42,44,,
504,20/04/1996,2,3,14,17,19,35,,
503,13/04/1996,3,12,26,31,35,36,,
502,06/04/1996,12,18,22,33,40,44,,
501,30/03/1996,4,24,30,33,36,44,,
500,23/03/1996,11,18,23,25,41,43,,
499,16/03/1996,12,20,31,36,38,39,,
498,09/03/1996,10,15,26,37,40,44,,
497,02/03/1996,13,14,15,33,41,42,,
496,24/02/1996,13,14,15,19,28,31,,
495,17/02/1996,5,18,22,26,31,37,,
494,10/02/1996,7,33,34,35,42,44,,
493,03/02/1996,5,8,15,17,32,44,,
492,27/01/1996,19,23,32,33,36,44,,
491,20/01/1996,7,17,28,35,42,45,,
490,13/01/1996,2,3,5,9,16,28,,
489,06/01/1996,6,7,22,29,33,43,,
488,30/12/1995,6,15,18,26,40,45,,
487,23/12/1995,2,3,6,22,23,33,,
486,16/12/1995,8,15,23,28,34,42,,
485,09/12/1995,3,15,18,19,25,37,,
484,02/12/1995,2,18,21,37,40,42,,
483,25/11/1995,14,19,22,25,31,35,,
482,18/11/1995,3,11,13,38,40,44,,
481,11/11/1995,5,9,23,27,35,43,,
480,04/11/1995,14,30,35,38,44,45,,
479,28/10/1995,2,4,6,36,37,38,,
478,21/10/1995,4,11,13,14,17,32,,
477,14/10/1995,7,14,18,28,31,41,,
476,07/10/1995,4,10,12,20,27,44,,
475,30/09/1995,9,21,36,39,40,45,,
474,23/09/1995,4,8,9,12,19,27,,
473,16/09/1995,4,12,17,18,19,26,,
472,09/09/1995,7,14,16,22,23,39,,
471,02/09/1995,9,10,17,28,34,42,,
470,26/08/1995,9,11,12,16,25,40,,
469,19/08/1995,2,9,10,13,15,41,,
468,12/08/1995,9,13,15,20,32,40,,
467,05/08/1995,1,5,28,31,34,42,,
466,29/07/1995,10,14,15,17,27,31,,
465,22/07/1995,15,18,21,25,32,35,,
464,15/07/1995,13,19,22,28,37,44,,
463,08/07/1995,19,34,38,40,43,45,,
462,01/07/1995,6,9,27,28,39,43,,
461,24/06/1995,1,6,11,21,33,38,,
460,17/06/1995,2,5,8,15,19,23,,
459,10/06/1995,29,30,36,37,42,45,,
458,03/06/1995,2,5,12,16,26,37,,
457,27/05/1995,12,18,27,39,41,45,,
456,20/05/1995,6,10,18,21,22,43,,
455,13/05/1995,4,6,7,14,31,45,,
454,06/05/1995,3,6,7,15,36,43,,
453,29/04/1995,1,8,23,29,31,40,,
452,22/04/1995,6,11,24,36,40,44,,
451,15/04/1995,8,14,16,19,33,34,,
450,08/04/1995,9,18,23,24,32,37,,
449,01/04/1995,8,16,18,21,35,38,,
448,25/03/1995,24,28,29,31,43,45,,
447,18/03/1995,3,4,9,17,21,44,,
446,11/03/1995,3,8,13,18,34,36,,
445,04/03/1995,2,4,10,24,25,35,,
444,25/02/1995,3,8,19,41,42,43,,
443,18/02/1995,3,5,6,8,19,32,,
442,11/02/1995,4,15,20,24,31,42,,
441,04/02/1995,2,15,21,33,36,45,,
440,28/01/1995,7,17,20,23,41,42,,
439,21/01/1995,3,6,32,34,36,41,,
438,14/01/1995,14,22,25,26,28,45,,
437,07/01/1995,17,25,27,31,40,41,,
436,31/12/1994,6,14,21,30,35,41,,
435,24/12/1994,1,2,17,23,37,38,,
434,17/12/1994,1,17,22,26,37,40,,
433,10/12/1994,11,14,31,35,40,44,,
432,03/12/1994,20,22,24,26,35,45,,
431,26/11/1994,4,9,12,16,27,41,,
430,19/11/1994,11,20,24,26,40,44,,
429,12/11/1994,6,8,9,12,21,44,,
428,05/11/1994,1,3,7,33,38,44,,
427,29/10/1994,14,20,23,36,43,45,,
426,22/10/1994,3,7,25,32,40,42,,
425,15/10/1994,8,12,26,33,37,38,,
424,08/10/1994,4,15,16,25,29,36,,
423,01/10/1994,1,16,21,26,27,40,,
422,24/09/1994,21,23,29,32,33,42,,
421,17/09/1994,1,2,3,13,25,27,,
420,10/09/1994,3,7,18,22,32,39,,
419,03/09/1994,1,3,9,17,24,41,,
418,27/08/1994,10,12,23,25,26,43,,
417,20/08/1994,5,7,13,17,34,40,,
416,13/08/1994,9,11,15,25,26,36,,
415,06/08/1994,9,11,15,26,29,32,,
414,30/07/1994,1,13,20,24,26,38,,
413,23/07/1994,3,13,21,31,34,39,,
412,16/07/1994,4,5,19,33,37,42,,
411,09/07/1994,2,16,18,21,33,40,,
410,02/07/1994,9,11,21,28,32,40,,
409,25/06/1994,6,10,14,17,23,45,,
408,18/06/1994,9,24,28,36,38,41,,
407,11/06/1994,1,2,9,10,14,24,,
406,04/06/1994,5,25,27,33,34,42,,
405,28/05/1994,9,16,18,26,33,35,,
404,21/05/1994,1,22,29,31,38,39,,
403,14/05/1994,13,14,20,30,31,34,,
402,07/05/1994,9,22,29,39,40,44,,
401,30/04/1994,3,15,25,31,38,40,,
400,23/04/1994,4,8,12,18,26,43,,
399,16/04/1994,7,12,13,15,29,31,,
398,09/04/1994,3,7,22,31,42,43,,
397,02/04/1994,1,3,26,29,40,43,,
396,26/03/1994,4,7,10,20,27,40,,
395,19/03/1994,12,13,20,31,34,35,,
394,12/03/1994,4,18,19,29,37,42,,
393,05/03/1994,2,10,19,26,30,36,,
392,26/02/1994,14,20,24,25,30,34,,
391,19/02/1994,6,19,20,23,44,45,,
390,12/02/1994,3,9,11,17,18,36,,
389,05/02/1994,3,10,16,24,25,28,,
388,29/01/1994,3,7,15,19,38,41,,
387,22/01/1994,4,10,18,34,43,44,,
386,15/01/1994,4,7,13,34,39,43,,
385,08/01/1994,5,22,27,33,34,35,,
384,01/01/1994,24,29,30,31,37,38,,
383,25/12/1993,4,6,16,26,42,45,,
382,18/12/1993,6,19,21,25,28,32,,
381,11/12/1993,21,31,32,34,42,45,,
380,04/12/1993,1,12,15,26,34,42,,
379,27/11/1993,1,17,26,32,34,45,,
378,20/11/1993,3,5,18,24,25,42,,
377,13/11/1993,7,11,17,26,27,32,,
376,06/11/1993,3,6,12,19,20,24,,
375,30/10/1993,5,20,23,24,26,30,,
374,23/10/1993,1,18,22,26,34,42,,
373,16/10/1993,7,9,12,17,19,25,,
372,09/10/1993,4,9,12,23,34,38,,
371,02/10/1993,1,20,26,34,38,44,,
370,25/09/1993,1,6,13,22,27,31,,
369,18/09/1993,4,10,18,21,35,39,,
368,11/09/1993,3,11,23,29,39,45,,
367,04/09/1993,7,8,15,30,41,44,,
366,28/08/1993,8,11,17,31,36,43,,
365,21/08/1993,6,19,21,23,31,35,,
364,14/08/1993,9,14,20,31,33,35,,
363,07/08/1993,10,13,16,26,32,36,,
362,31/07/1993,3,8,16,20,42,43,,
361,24/07/1993,6,14,22,27,35,43,,
360,17/07/1993,16,20,25,35,38,41,,
359,10/07/1993,14,29,36,38,42,45,,
358,03/07/1993,2,3,32,39,40,44,,
357,26/06/1993,1,6,14,30,36,40,,
356,19/06/1993,4,5,14,19,26,39,,
355,12/06/1993,1,3,9,12,36,38,,
354,05/06/1993,6,7,10,18,24,34,,
353,29/05/1993,1,5,13,20,35,39,,
352,22/05/1993,7,9,12,23,37,44,,
351,15/05/1993,7,14,16,18,29,31,,
350,08/05/1993,8,9,19,23,26,36,,
349,01/05/1993,1,8,18,22,26,31,,
348,24/04/1993,1,8,18,19,24,32,,
347,17/04/1993,1,8,9,19,21,33,,
346,10/04/1993,7,13,15,28,29,35,,
345,03/04/1993,9,10,26,27,35,42,,
344,27/03/1993,3,5,11,27,42,45,,
343,20/03/1993,11,14,15,19,34,37,,
342,13/03/1993,5,30,32,41,42,45,,
341,06/03/1993,1,6,11,37,41,43,,
340,27/02/1993,2,10,14,20,31,43,,
339,20/02/1993,2,5,22,34,36,38,,
338,13/02/1993,6,8,32,34,36,41,,
337,06/02/1993,15,16,18,20,30,34,,
336,30/01/1993,6,12,14,16,32,35,,
335,23/01/1993,2,10,16,24,27,35,,
334,16/01/1993,1,25,34,38,40,41,,
333,09/01/1993,7,12,29,31,33,37,,
332,02/01/1993,8,9,16,22,31,44,,
331,26/12/1992,6,9,23,31,36,44,,
330,19/12/1992,4,10,25,35,36,45,,
329,12/12/1992,1,4,13,14,28,43,,
328,05/12/1992,4,11,17,19,23,36,,
327,28/11/1992,5,25,27,28,29,43,,
326,21/11/1992,7,11,13,28,29,34,,
325,14/11/1992,1,7,13,28,35,41,,
324,07/11/1992,7,8,11,22,29,35,,
323,31/10/1992,3,8,22,24,37,45,,
322,24/10/1992,12,20,21,28,29,33,,
321,17/10/1992,6,12,23,38,41,42,,
320,10/10/1992,7,14,28,32,33,34,,
319,03/10/1992,8,10,11,25,33,42,,
318,26/09/1992,8,12,19,27,33,38,,
317,19/09/1992,13,18,27,41,44,45,,
316,12/09/1992,14,15,23,27,34,40,,
315,05/09/1992,1,3,6,7,29,42,,
314,29/08/1992,1,9,12,15,19,34,,
313,22/08/1992,11,13,23,24,35,39,,
312,15/08/1992,21,25,28,33,38,43,,
311,08/08/1992,3,8,10,11,21,31,,
310,01/08/1992,4,13,20,30,34,36,,
309,25/07/1992,2,14,19,23,30,43,,
308,18/07/1992,7,14,16,33,38,43,,
307,11/07/1992,1,5,8,17,19,33,,
306,04/07/1992,4,5,6,13,22,44,,
305,27/06/1992,9,11,16,36,38,39,,
304,20/06/1992,2,6,18,19,32,45,,
303,13/06/1992,1,21,27,30,35,45,,
302,06/06/1992,1,22,25,31,36,43,,
301,30/05/1992,1,7,24,27,38,42,,
300,23/05/1992,1,11,19,30,33,41,,
299,16/05/1992,1,18,25,37,39,43,,
298,09/05/1992,11,13,14,18,19,37,,
297,02/05/1992,3,15,16,19,32,43,,
296,25/04/1992,11,15,18,19,42,43,,
295,18/04/1992,11,12,25,38,43,44,,
294,11/04/1992,7,16,19,30,41,43,,
293,04/04/1992,3,8,19,30,32,38,,
292,28/03/1992,3,12,13,17,40,44,,
291,21/03/1992,4,19,31,33,34,36,,
290,14/03/1992,13,19,24,29,33,38,,
289,07/03/1992,1,18,20,23,25,29,,
288,29/02/1992,9,17,24,28,35,37,,
287,22/02/1992,3,9,11,27,37,43,,
286,15/02/1992,6,10,14,18,28,40,,
285,08/02/1992,11,26,31,32,36,45,,
284,01/02/1992,4,11,23,30,34,43,,
283,25/01/1992,5,13,28,33,41,44,,
282,18/01/1992,23,30,36,38,40,43,,
281,11/01/1992,9,18,29,38,41,44,,
280,04/01/1992,1,8,16,17,24,35,,
279,28/12/1991,6,12,14,31,38,40,,
278,21/12/1991,6,24,30,31,33,36,,
277,14/12/1991,13,15,26,34,42,44,,
276,07/12/1991,2,6,15,25,29,30,,
275,30/11/1991,14,22,23,38,39,41,,
274,23/11/1991,15,18,39,41,42,43,,
273,16/11/1991,5,27,29,31,33,36,,
272,09/11/1991,3,10,15,34,37,45,,
271,02/11/1991,9,11,12,17,31,40,,
270,26/10/1991,5,36,37,40,41,43,,
269,19/10/1991,8,15,28,34,39,40,,
268,12/10/1991,8,13,24,28,32,38,,
267,05/10/1991,1,4,6,7,27,38,,
266,28/09/1991,3,5,13,27,29,35,,
265,21/09/1991,16,21,33,35,38,40,,
264,14/09/1991,9,14,28,29,33,37,,
263,07/09/1991,8,20,26,30,31,41,,
262,31/08/1991,3,11,17,25,27,33,,
261,24/08/1991,6,8,17,27,33,45,,
260,17/08/1991,6,12,18,24,34,45,,
259,10/08/1991,20,29,34,36,38,40,,
258,03/08/1991,16,17,19,22,31,43,,
257,27/07/1991,1,13,16,21,22,34,,
256,20/07/1991,1,2,8,19,26,45,,
255,13/07/1991,4,11,15,21,26,45,,
254,06/07/1991,7,9,16,22,34,36,,
253,29/06/1991,13,14,15,32,35,43,,
252,22/06/1991,11,13,21,25,40,45,,
251,15/06/1991,9,11,12,36,44,45,,
250,08/06/1991,4,9,15,21,24,43,,
249,01/06/1991,3,11,17,22,24,31,,
248,25/05/1991,19,20,32,33,41,42,,
247,18/05/1991,16,17,18,22,35,42,,
246,11/05/1991,7,8,19,28,43,45,,
245,04/05/1991,1,14,17,29,30,37,,
244,27/04/1991,4,28,37,41,42,45,,
243,20/04/1991,2,5,12,37,41,45,,
242,13/04/1991,1,5,12,15,19,24,,
241,06/04/1991,3,19,26,29,36,45,,
240,30/03/1991,1,2,13,16,21,31,,
239,23/03/1991,2,4,16,23,27,31,,
238,16/03/1991,5,19,21,31,41,45,,
237,09/03/1991,8,14,19,26,28,39,,
236,02/03/1991,1,9,10,35,36,37,,
235,23/02/1991,1,11,15,16,22,32,,
234,16/02/1991,2,9,14,21,26,41,,
233,09/02/1991,20,22,27,32,37,40,,
232,02/02/1991,4,13,16,19,20,23,,
231,26/01/1991,2,5,14,19,35,37,,
230,19/01/1991,2,4,7,9,30,42,,
229,12/01/1991,1,3,5,10,34,36,,
228,05/01/1991,1,5,20,24,31,41,,
227,29/12/1990,13,15,18,19,20,34,,
226,22/12/1990,14,19,29,39,42,43,,
225,15/12/1990,2,3,4,6,14,39,,
224,08/12/1990,11,26,28,29,30,40,,
223,01/12/1990,8,16,20,28,30,34,,
222,24/11/1990,5,6,12,26,29,33,,
221,17/11/1990,17,18,20,25,36,42,,
220,10/11/1990,4,5,8,15,16,28,,
219,03/11/1990,12,28,33,36,37,43,,
218,27/10/1990,2,19,26,33,44,45,,
217,20/10/1990,3,8,10,11,21,25,,
216,13/10/1990,5,8,16,22,39,40,,
215,06/10/1990,5,10,16,22,31,33,,
214,29/09/1990,3,23,26,30,41,44,,
213,22/09/1990,6,10,12,21,27,43,,
212,15/09/1990,3,8,9,36,37,41,,
211,08/09/1990,5,11,15,18,43,45,,
210,01/09/1990,4,12,17,19,24,32,,
209,25/08/1990,10,19,20,21,27,41,,
208,18/08/1990,1,5,32,35,37,39,,
207,11/08/1990,10,16,18,20,21,31,,
206,04/08/1990,15,19,28,32,38,41,,
205,28/07/1990,1,2,8,22,42,43,,
204,21/07/1990,5,9,22,37,44,45,,
203,14/07/1990,3,4,7,23,44,45,,
202,07/07/1990,22,26,38,40,43,44,,
201,30/06/1990,7,13,14,17,22,25,,
200,23/06/1990,3,8,9,14,34,35,,
199,16/06/1990,24,25,30,38,43,44,,
198,09/06/1990,2,16,21,24,28,35,,
197,02/06/1990,3,12,36,39,41,45,,
196,26/05/1990,18,24,29,30,40,41,,
195,19/05/1990,2,8,18,22,23,41,,
194,12/05/1990,5,10,17,29,30,37,,
193,05/05/1990,1,10,23,30,33,35,,
192,28/04/1990,4,20,26,31,35,43,,
191,21/04/1990,12,14,21,24,25,38,,
190,14/04/1990,5,10,11,34,35,36,,
189,07/04/1990,9,15,18,29,35,37,,
188,31/03/1990,9,19,24,31,35,36,,
187,24/03/1990,1,6,9,24,25,35,,
186,17/03/1990,11,17,18,19,33,41,,
185,10/03/1990,12,21,37,42,43,44,,
184,03/03/1990,13,14,16,31,37,45,,
183,24/02/1990,19,20,32,37,39,41,,
182,17/02/1990,8,13,15,17,18,29,,
181,10/02/1990,1,3,20,22,42,44,,
180,03/02/1990,4,8,18,20,34,43,,
179,27/01/1990,7,10,13,32,33,45,,
178,20/01/1990,2,4,6,11,15,17,,
177,13/01/1990,8,13,16,17,25,28,,
176,06/01/1990,2,9,13,20,30,39,,
175,30/12/1989,5,8,18,29,30,33,,
174,23/12/1989,2,36,37,38,43,44,,
173,16/12/1989,2,4,18,21,38,40,,
172,09/12/1989,4,15,20,31,32,35,,
171,02/12/1989,3,8,21,23,33,42,,
170,25/11/1989,25,30,36,40,44,45,,
169,18/11/1989,7,12,23,27,30,41,,
168,11/11/1989,11,12,25,30,38,42,,
167,04/11/1989,19,25,30,33,38,45,,
166,28/10/1989,2,6,8,9,24,33,,
165,21/10/1989,12,13,17,23,40,41,,
164,14/10/1989,6,7,20,23,28,29,,
163,07/10/1989,14,18,22,30,41,43,,
162,30/09/1989,15,26,27,28,36,38,,
161,23/09/1989,2,4,13,18,21,41,,
160,16/09/1989,13,28,34,41,43,44,,
159,09/09/1989,1,3,5,33,35,38,,
158,02/09/1989,13,16,23,24,28,29,,
157,26/08/1989,1,6,23,34,39,44,,
156,19/08/1989,1,8,31,36,41,44,,
155,12/08/1989,10,18,22,30,37,43,,
154,05/08/1989,1,3,8,16,18,42,,
153,29/07/1989,10,15,16,24,26,35,,
152,22/07/1989,4,11,15,31,38,42,,
151,15/07/1989,1,19,29,34,37,44,,
150,08/07/1989,9,12,13,14,27,39,,
149,01/07/1989,2,8,17,33,36,37,,
148,24/06/1989,1,25,31,32,39,41,,
147,17/06/1989,1,3,14,19,24,35,,
146,10/06/1989,8,16,17,18,22,44,,
145,03/06/1989,17,19,22,27,42,45,,
144,27/05/1989,7,13,25,27,32,35,,
143,20/05/1989,6,10,12,23,38,44,,
142,13/05/1989,8,18,19,29,34,45,,
141,06/05/1989,16,28,31,33,36,38,,
140,29/04/1989,14,15,16,38,39,44,,
139,22/04/1989,4,7,12,16,17,37,,
138,15/04/1989,2,4,5,12,15,30,,
137,08/04/1989,11,13,25,26,40,43,,
136,01/04/1989,2,6,11,30,35,38,,
135,25/03/1989,7,10,21,24,28,33,,
134,18/03/1989,5,7,13,20,21,42,,
133,11/03/1989,7,9,11,20,33,40,,
132,04/03/1989,11,12,16,22,24,30,,
131,25/02/1989,8,10,19,33,37,40,,
130,18/02/1989,1,7,9,11,18,29,,
129,11/02/1989,6,10,24,37,41,44,,
128,04/02/1989,3,13,34,37,41,43,,
127,28/01/1989,3,7,9,10,28,30,,
126,21/01/1989,2,11,17,27,29,41,,
125,14/01/1989,19,27,31,39,41,43,,
124,07/01/1989,3,11,12,32,37,39,,
123,31/12/1988,1,5,9,18,33,34,,
122,24/12/1988,11,13,16,19,24,43,,
121,17/12/1988,10,20,21,23,25,38,,
120,10/12/1988,3,9,20,28,29,32,,
119,03/12/1988,5,13,21,31,38,45,,
118,26/11/1988,21,26,32,36,42,43,,
117,19/11/1988,26,33,35,40,41,45,,
116,12/11/1988,3,22,26,31,36,40,,
115,05/11/1988,15,20,22,25,40,43,,
114,29/10/1988,20,27,33,34,38,41,,
113,22/10/1988,4,18,21,30,32,33,,
112,15/10/1988,6,15,22,33,35,45,,
111,08/10/1988,2,3,5,24,25,42,,
110,01/10/1988,1,18,20,37,42,43,,
109,24/09/1988,9,22,25,26,31,35,,
108,17/09/1988,3,18,31,36,39,44,,
107,10/09/1988,5,6,7,22,26,34,,
106,03/09/1988,2,3,7,15,16,26,,
105,27/08/1988,2,5,6,20,22,40,,
104,20/08/1988,6,14,16,26,33,45,,
103,13/08/1988,2,6,8,11,37,40,,
102,06/08/1988,7,10,16,20,22,42,,
101,30/07/1988,8,9,21,23,35,44,,
100,23/07/1988,3,10,16,26,28,31,,
99,16/07/1988,2,5,22,25,37,43,,
98,09/07/1988,5,9,15,24,30,44,,
97,02/07/1988,3,8,26,27,36,42,,
96,25/06/1988,3,6,12,28,41,42,,
95,18/06/1988,4,10,15,19,24,34,,
94,11/06/1988,5,11,15,18,36,42,,
93,04/06/1988,3,8,27,33,34,38,,
92,28/05/1988,6,7,8,11,21,29,,
91,21/05/1988,7,10,16,17,26,28,,
90,14/05/1988,13,21,25,31,41,42,,
89,07/05/1988,3,11,14,22,32,40,,
88,30/04/1988,6,8,14,15,19,44,,
87,23/04/1988,4,11,12,18,19,23,,
86,16/04/1988,4,6,8,12,17,18,,
85,09/04/1988,19,20,23,31,35,36,,
84,02/04/1988,29,32,34,37,41,42,,
83,26/03/1988,1,12,13,34,36,39,,
82,19/03/1988,1,2,8,12,16,20,,
81,12/03/1988,17,20,25,30,32,40,,
80,05/03/1988,13,26,38,41,43,44,,
79,27/02/1988,11,12,15,25,34,35,,
78,20/02/1988,10,17,25,27,41,42,,
77,13/02/1988,9,21,25,27,34,37,,
76,06/02/1988,10,14,27,28,41,43,,
75,30/01/1988,2,3,17,26,29,44,,
74,23/01/1988,3,8,9,24,31,39,,
73,16/01/1988,2,10,11,14,43,44,,
72,09/01/1988,5,7,8,13,39,45,,
71,02/01/1988,8,19,21,31,33,42,,
70,26/12/1987,5,10,21,22,25,27,,
69,19/12/1987,19,21,25,27,42,45,,
68,12/12/1987,23,26,27,36,38,44,,
67,05/12/1987,1,2,16,24,32,38,,
66,28/11/1987,9,12,24,25,26,43,,
65,21/11/1987,26,29,38,41,43,44,,
64,14/11/1987,12,13,18,34,40,45,,
63,07/11/1987,4,16,17,27,41,42,,
62,31/10/1987,7,10,11,16,32,33,,
61,24/10/1987,17,23,25,36,39,43,,
60,17/10/1987,13,16,19,40,41,44,,
59,10/10/1987,7,9,14,20,35,41,,
58,03/10/1987,3,12,26,33,41,44,,
57,26/09/1987,6,11,20,31,35,44,,
56,19/09/1987,2,11,15,19,27,31,,
55,12/09/1987,4,6,7,25,29,42,,
54,05/09/1987,12,14,24,32,37,40,,
53,29/08/1987,7,22,23,35,37,45,,
52,22/08/1987,1,6,8,27,33,39,,
51,15/08/1987,23,33,34,37,38,39,,
50,08/08/1987,3,8,13,17,31,39,,
49,01/08/1987,11,23,31,33,40,42,,
48,25/07/1987,1,2,12,15,38,39,,
47,18/07/1987,1,6,8,30,32,41,,
46,11/07/1987,1,12,18,20,26,42,,
45,04/07/1987,18,19,20,28,33,36,,
44,27/06/1987,1,4,14,16,30,45,,
43,20/06/1987,2,3,29,30,35,43,,
42,13/06/1987,7,11,21,32,40,45,,
41,06/06/1987,9,14,15,18,19,25,,
40,30/05/1987,7,15,31,32,38,43,,
39,23/05/1987,4,6,12,13,25,32,,
38,16/05/1987,8,12,16,33,38,40,,
37,09/05/1987,9,12,17,24,30,44,,
36,02/05/1987,1,5,14,36,41,44,,
35,25/04/1987,2,8,18,33,35,41,,
34,18/04/1987,7,26,29,31,33,38,,
33,11/04/1987,4,7,17,23,33,37,,
32,04/04/1987,2,11,17,29,32,40,,
31,28/03/1987,2,10,18,27,28,36,,
30,21/03/1987,8,10,14,29,35,38,,
29,14/03/1987,10,16,22,23,27,37,,
28,07/03/1987,7,9,11,20,28,36,,
27,28/02/1987,2,6,27,35,41,44,,
26,21/02/1987,14,16,29,41,42,43,,
25,14/02/1987,18,19,20,29,32,40,,
24,07/02/1987,4,9,28,32,35,39,,
23,31/01/1987,2,8,12,15,22,35,,
22,24/01/1987,18,21,24,25,26,44,,
21,17/01/1987,3,9,20,29,36,44,,
20,10/01/1987,5,24,31,36,40,44,,
19,03/01/1987,3,8,15,16,23,25,,
18,27/12/1986,1,8,16,31,40,43,,
17,20/12/1986,2,10,14,22,23,34,,
16,13/12/1986,2,4,7,19,25,27,,
15,06/12/1986,5,7,10,26,29,32,,
14,29/11/1986,8,18,19,25,26,29,,
13,22/11/1986,7,15,19,21,25,41,,
12,15/11/1986,4,12,27,28,29,30,,
11,08/11/1986,9,16,22,33,34,37,,
10,01/11/1986,1,3,4,27,29,41,,
9,25/10/1986,8,18,23,24,41,44,,
8,18/10/1986,11,21,22,28,30,37,,
7,11/10/1986,8,9,13,19,28,30,,
6,04/10/1986,10,12,18,19,24,27,,
5,27/09/1986,2,11,21,27,35,37,,
4,20/09/1986,3,21,37,40,43,44,,
3,13/09/1986,5,8,14,16,21,28,,
2,06/09/1986,1,3,10,34,39,45,,
1,30/08/1986,6,7,9,14,20,30,,
