Draw number,Draw date,Winning Number 1,Winning Number 2,Winning Number 3,Winning Number 4,Winning Number 5,Winning Number 6,Winning Number 7,Powerball Number
1546,01/01/2026,30, 9, 7, 27, 18, 15, 29,3
1545,25/12/2025,7,23,29,20,11,16,17,17
1544,18/12/2025,31,25,19,2,35,15,16,14
1543,11/12/2025,12,23,25,16,10,5,4,10
1542,04/12/2025,19,23,32,12,11,15,9,14
1541,27/11/2025,2,17,11,9,19,28,24,1
1540,20/11/2025,19,11,12,4,29,13,27,20
1539,13/11/2025,22,10,6,15,2,8,7,13
1538,06/11/2025,11,34,7,33,15,22,16,13
1537,30/10/2025,18,13,1,30,32,19,21,17
1536,23/10/2025,4,20,24,19,33,8,14,16
1535,16/10/2025,28,14,27,29,22,33,13,16
1534,09/10/2025,11,21,15,28,10,20,24,20
1533,02/10/2025,11,15,28,26,14,23,30,9
1532,25/09/2025,5,20,6,8,1,19,17,12
1531,18/09/2025,29,33,12,24,18,32,1,8
1530,11/09/2025,32,19,21,18,28,33,4,17
1529,04/09/2025,9,22,23,3,13,28,32,5
1528,28/08/2025,33,4,14,30,1,21,10,6
1527,21/08/2025,12,18,16,1,14,4,8,14
1526,14/08/2025,33,5,12,14,19,32,1,10
1525,07/08/2025,12,21,30,8,33,14,11,19
1524,31/07/2025,20,29,22,15,16,12,5,4
1523,24/07/2025,2,25,6,4,31,34,19,20
1522,17/07/2025,34,21,18,4,22,29,33,3
1521,10/07/2025,35,31,23,3,5,14,24,10
1520,03/07/2025,1,7,35,18,25,32,10,14
1519,26/06/2025,23,2,30,17,33,28,29,15
1518,19/06/2025,21,23,34,25,14,5,32,11
1517,12/06/2025,28,10,3,16,31,14,21,6
1516,05/06/2025,1,30,12,34,24,9,6,10
1515,29/05/2025,21,35,26,23,15,10,7,18
1514,22/05/2025,28,19,8,26,21,30,3,20
1513,15/05/2025,11,19,7,3,32,24,33,17
1512,08/05/2025,33,32,35,14,15,7,34,12
1511,01/05/2025,12,23,9,27,30,2,15,10
1510,24/04/2025,24,18,19,14,1,21,13,13
1509,17/04/2025,34,17,35,27,30,14,32,17
1508,10/04/2025,32,19,15,23,34,25,22,2
1507,03/04/2025,27,26,15,33,34,24,14,10
1506,27/03/2025,11,7,21,17,9,13,24,11
1505,20/03/2025,9,2,17,32,1,18,16,1
1504,13/03/2025,11,6,5,7,30,4,19,20
1503,06/03/2025,23,6,22,33,18,5,21,16
1502,27/02/2025,26,22,7,35,1,11,25,3
1501,20/02/2025,16,26,14,1,8,3,24,4
1500,13/02/2025,10,28,34,23,26,1,31,3
1499,06/02/2025,20,23,34,19,24,31,10,14
1498,30/01/2025,19,12,2,18,13,1,23,4
1497,23/01/2025,29,32,17,27,9,11,12,18
1496,16/01/2025,25,14,6,2,13,30,31,2
1495,09/01/2025,17,11,2,8,1,26,19,11
1494,02/01/2025,21,27,9,22,15,18,8,19
1493,26/12/2024,3,9,18,1,20,28,29,9
1492,19/12/2024,30,23,29,16,12,3,9,19
1491,12/12/2024,9,11,19,3,14,23,16,16
1490,05/12/2024,5,6,32,30,7,11,33,11
1489,28/11/2024,22,10,4,31,1,26,9,14
1488,21/11/2024,11,22,30,31,19,15,3,2
1487,14/11/2024,25,11,19,5,4,10,14,20
1486,07/11/2024,15,26,3,33,31,23,32,6
1485,31/10/2024,3,34,14,9,26,35,11,7
1484,24/10/2024,33,5,8,22,14,9,1,2
1483,17/10/2024,27,30,6,16,2,21,35,7
1482,10/10/2024,5,28,33,11,10,35,7,1
1481,03/10/2024,13,18,34,16,11,10,15,2
1480,26/09/2024,10,12,9,20,29,15,30,16
1479,19/09/2024,32,12,4,9,10,24,7,15
1478,12/09/2024,24,32,9,12,22,31,34,10
1477,05/09/2024,21,7,18,32,25,13,3,18
1476,29/08/2024,12,21,6,15,9,34,20,15
1475,22/08/2024,16,24,11,4,10,18,23,6
1474,15/08/2024,18,11,28,1,12,16,8,15
1473,08/08/2024,7,20,32,29,4,8,23,17
1472,01/08/2024,30,6,21,2,27,10,8,9
1471,25/07/2024,8,12,17,6,7,16,5,13
1470,18/07/2024,31,4,18,20,6,28,16,6
1469,11/07/2024,17,20,9,12,19,22,16,9
1468,04/07/2024,8,9,21,6,12,13,30,4
1467,27/06/2024,8,33,34,5,18,12,9,6
1466,20/06/2024,32,1,30,11,23,17,20,16
1465,13/06/2024,9,6,2,26,25,32,17,4
1464,06/06/2024,20,5,14,2,3,18,30,4
1463,30/05/2024,35,2,3,33,20,22,10,9
1462,23/05/2024,18,29,34,8,4,28,6,11
1461,16/05/2024,13,9,1,18,12,2,14,3
1460,09/05/2024,6,18,32,3,1,16,12,4
1459,02/05/2024,4,23,2,13,7,25,5,16
1458,25/04/2024,20,32,29,3,34,17,28,18
1457,18/04/2024,35,31,22,9,18,34,23,1
1456,11/04/2024,25,30,20,24,21,6,4,2
1455,04/04/2024,7,20,19,25,10,31,1,11
1454,28/03/2024,29,19,34,6,9,15,18,4
1453,21/03/2024,13,25,12,10,24,3,7,11
1452,14/03/2024,30,24,5,32,35,27,15,2
1451,07/03/2024,4,20,24,6,8,30,2,10
1450,29/02/2024,31,3,24,13,5,25,33,17
1449,22/02/2024,33,12,7,5,28,6,27,4
1448,15/02/2024,35,34,19,10,18,15,5,20
1447,08/02/2024,25,12,6,20,26,16,7,2
1446,01/02/2024,12,33,23,35,1,26,32,10
1445,25/01/2024,21,9,27,6,1,26,4,10
1444,18/01/2024,21,31,17,22,20,24,34,6
1443,11/01/2024,30,2,5,25,16,32,34,7
1442,04/01/2024,21,31,34,27,33,22,30,4
1441,28/12/2023,27,35,15,24,11,9,16,1
1440,21/12/2023,13,14,20,25,22,35,34,12
1439,14/12/2023,2,6,22,4,30,18,8,2
1438,07/12/2023,31,6,4,17,23,15,33,15
1437,30/11/2023,34,2,1,11,30,23,19,4
1436,23/11/2023,35,31,32,7,23,33,4,5
1435,16/11/2023,1,7,11,31,32,8,29,16
1434,09/11/2023,35,15,5,23,34,29,30,2
1433,02/11/2023,23,30,11,8,12,22,6,15
1432,26/10/2023,9,4,31,35,11,16,22,20
1431,19/10/2023,26,7,4,24,6,3,1,18
1430,12/10/2023,31,10,20,21,6,35,1,13
1429,05/10/2023,11,19,4,22,3,8,14,5
1428,28/09/2023,3,26,15,2,28,27,14,19
1427,21/09/2023,12,23,13,10,20,4,18,5
1426,14/09/2023,17,10,6,5,31,19,2,10
1425,07/09/2023,24,11,27,29,14,18,20,19
1424,31/08/2023,10,35,27,32,6,14,31,6
1423,24/08/2023,8,17,18,20,11,3,33,7
1422,17/08/2023,24,12,30,26,10,17,21,10
1421,10/08/2023,11,24,9,23,18,16,10,9
1420,03/08/2023,13,7,18,1,23,25,33,7
1419,27/07/2023,19,14,18,22,16,4,33,18
1418,20/07/2023,7,29,14,4,32,27,9,17
1417,13/07/2023,19,3,29,17,27,30,11,15
1416,06/07/2023,12,28,7,16,10,20,17,20
1415,29/06/2023,3,28,8,18,5,24,1,2
1414,22/06/2023,22,3,5,23,4,14,6,17
1413,15/06/2023,20,11,13,9,2,25,31,2
1412,08/06/2023,17,15,28,12,22,21,20,11
1411,01/06/2023,14,23,19,31,6,28,34,3
1410,25/05/2023,17,20,30,29,27,12,8,6
1409,18/05/2023,3,19,6,33,11,20,7,18
1408,11/05/2023,8,15,9,18,3,28,12,14
1407,04/05/2023,35,31,20,18,13,2,34,9
1406,27/04/2023,30,16,27,6,33,19,28,17
1405,20/04/2023,32,30,12,18,1,13,24,6
1404,13/04/2023,27,33,19,29,5,12,15,4
1403,06/04/2023,30,33,24,6,21,12,17,10
1402,30/03/2023,12,5,6,7,13,35,11,15
1401,23/03/2023,26,4,7,5,18,25,19,15
1400,16/03/2023,32,17,29,34,28,3,22,18
1399,09/03/2023,7,10,27,33,30,20,17,1
1398,02/03/2023,18,14,13,16,21,19,29,18
1397,23/02/2023,6,5,3,11,30,26,24,9
1396,16/02/2023,5,8,12,13,35,20,21,8
1395,09/02/2023,32,35,11,28,8,16,3,13
1394,02/02/2023,7,35,31,2,24,21,15,18
1393,26/01/2023,31,30,28,15,1,33,21,16
1392,19/01/2023,35,32,34,19,3,30,21,1
1391,12/01/2023,18,22,34,3,30,10,29,5
1390,05/01/2023,5,13,27,21,7,9,35,6
1389,29/12/2022,9,26,4,23,22,6,24,18
1388,22/12/2022,31,23,5,28,7,18,21,4
1387,15/12/2022,26,21,34,19,22,1,7,2
1386,08/12/2022,14,4,21,18,35,10,19,11
1385,01/12/2022,7,34,8,5,2,29,4,15
1384,24/11/2022,14,6,9,25,27,31,33,15
1383,17/11/2022,6,5,7,19,1,33,14,17
1382,10/11/2022,15,22,14,3,32,17,5,7
1381,03/11/2022,24,32,22,12,2,8,6,2
1380,27/10/2022,10,4,12,18,2,34,7,7
1379,20/10/2022,14,33,11,25,17,24,6,18
1378,13/10/2022,31,35,16,13,25,18,1,2
1377,06/10/2022,28,35,17,14,6,3,4,10
1376,29/09/2022,15,19,9,12,16,35,20,4
1375,22/09/2022,24,21,10,15,35,28,26,8
1374,15/09/2022,22,31,35,13,9,2,10,15
1373,08/09/2022,15,21,23,13,30,25,31,10
1372,01/09/2022,3,10,15,26,34,12,4,20
1371,25/08/2022,4,16,8,25,31,12,32,17
1370,18/08/2022,1,22,2,4,20,23,27,20
1369,11/08/2022,30,23,9,22,5,28,18,3
1368,04/08/2022,23,21,17,11,32,6,13,15
1367,28/07/2022,9,5,19,34,23,24,10,13
1366,21/07/2022,9,8,25,7,26,2,24,9
1365,14/07/2022,35,1,17,33,20,6,26,5
1364,07/07/2022,13,16,3,28,30,14,6,11
1363,30/06/2022,22,6,1,16,17,29,11,2
1362,23/06/2022,7,31,10,9,2,22,35,19
1361,16/06/2022,18,3,28,29,15,12,6,15
1360,09/06/2022,23,6,2,13,3,34,20,12
1359,02/06/2022,8,15,31,21,11,6,33,7
1358,26/05/2022,16,19,21,33,25,13,10,18
1357,19/05/2022,15,34,5,11,28,8,27,3
1356,12/05/2022,18,16,22,14,4,7,9,10
1355,05/05/2022,30,26,16,35,12,2,17,19
1354,28/04/2022,12,7,16,19,1,24,25,7
1353,21/04/2022,22,28,29,15,25,17,19,6
1352,14/04/2022,31,2,3,5,11,20,14,4
1351,07/04/2022,5,30,15,3,7,10,34,12
1350,31/03/2022,6,28,10,34,26,27,13,11
1349,24/03/2022,9,21,5,23,32,4,28,20
1348,17/03/2022,23,19,2,17,7,25,13,13
1347,10/03/2022,15,29,5,19,13,16,35,16
1346,03/03/2022,4,27,24,28,2,12,18,4
1345,24/02/2022,6,15,9,27,32,28,33,8
1344,17/02/2022,24,7,34,22,13,30,6,10
1343,10/02/2022,19,32,5,31,3,26,16,6
1342,03/02/2022,22,18,11,26,21,16,31,8
1341,27/01/2022,4,25,15,27,32,10,28,18
1340,20/01/2022,25,14,35,26,34,11,31,1
1339,13/01/2022,29,28,13,2,33,24,9,13
1338,06/01/2022,15,5,28,20,29,34,27,8
1337,30/12/2021,35,26,18,32,23,19,16,10
1336,23/12/2021,3,33,29,13,10,20,16,19
1335,16/12/2021,34,18,3,30,33,25,32,6
1334,09/12/2021,4,34,9,25,28,29,14,3
1333,02/12/2021,27,30,4,5,33,26,19,8
1332,25/11/2021,21,17,16,3,22,34,9,9
1331,18/11/2021,34,13,1,8,3,5,19,11
1330,11/11/2021,17,2,20,3,4,1,15,16
1329,04/11/2021,30,15,27,12,34,18,8,8
1328,28/10/2021,14,10,29,26,9,15,23,3
1327,21/10/2021,7,17,11,28,30,2,27,11
1326,14/10/2021,23,20,17,27,22,32,12,17
1325,07/10/2021,27,25,34,4,29,13,18,13
1324,30/09/2021,18,14,25,2,27,7,24,20
1323,23/09/2021,3,10,23,24,14,8,21,5
1322,16/09/2021,1,30,9,32,8,31,22,9
1321,09/09/2021,3,20,8,6,2,17,23,2
1320,02/09/2021,17,25,12,5,4,28,14,10
1319,26/08/2021,28,25,10,27,14,11,32,6
1318,19/08/2021,26,7,9,10,2,30,8,3
1317,12/08/2021,17,10,4,26,19,23,21,7
1316,05/08/2021,16,25,12,7,11,10,21,18
1315,29/07/2021,23,26,7,4,33,35,22,17
1314,22/07/2021,28,25,15,13,20,29,16,11
1313,15/07/2021,25,32,17,16,3,11,26,2
1312,08/07/2021,7,8,17,9,19,32,15,6
1311,01/07/2021,13,19,18,17,11,16,20,15
1310,24/06/2021,30,33,21,13,28,31,8,15
1309,17/06/2021,20,12,26,4,10,34,13,1
1308,10/06/2021,32,25,13,2,15,35,24,16
1307,03/06/2021,17,1,19,11,12,28,14,11
1306,27/05/2021,5,12,10,6,2,24,25,20
1305,20/05/2021,14,7,18,5,8,2,11,19
1304,13/05/2021,7,19,11,12,5,25,8,20
1303,06/05/2021,21,34,10,16,23,14,25,9
1302,29/04/2021,15,23,3,10,30,14,35,15
1301,22/04/2021,35,26,10,17,31,19,21,1
1300,15/04/2021,17,1,24,12,5,9,19,3
1299,08/04/2021,13,21,12,14,24,4,3,6
1298,01/04/2021,27,23,1,26,25,13,7,15
1297,25/03/2021,14,15,16,21,12,25,10,5
1296,18/03/2021,18,30,16,29,6,33,35,4
1295,11/03/2021,8,19,14,26,21,17,1,20
1294,04/03/2021,6,7,22,33,18,28,1,4
1293,25/02/2021,25,17,33,23,20,19,11,3
1292,18/02/2021,13,25,30,3,19,16,22,10
1291,11/02/2021,20,32,26,29,16,7,1,14
1290,04/02/2021,18,29,34,33,6,30,2,8
1289,28/01/2021,6,16,13,12,10,20,30,11
1288,21/01/2021,29,35,19,15,6,22,27,14
1287,14/01/2021,26,27,17,1,2,31,20,14
1286,07/01/2021,22,3,17,2,23,20,7,5
1285,31/12/2020,1,11,28,8,7,2,16,7
1284,24/12/2020,12,9,21,4,11,32,29,2
1283,17/12/2020,29,4,17,16,33,5,9,13
1282,10/12/2020,14,8,19,20,11,9,4,19
1281,03/12/2020,21,29,15,1,28,12,17,17
1280,26/11/2020,30,20,7,3,25,21,31,2
1279,19/11/2020,30,7,12,13,1,34,26,11
1278,12/11/2020,6,19,11,23,9,24,14,20
1277,05/11/2020,24,3,13,2,35,14,21,12
1276,29/10/2020,31,10,24,2,16,28,1,19
1275,22/10/2020,5,10,19,1,6,16,31,10
1274,15/10/2020,27,7,31,32,2,9,15,7
1273,08/10/2020,35,9,10,17,19,11,20,3
1272,01/10/2020,16,30,22,26,11,15,18,4
1271,24/09/2020,13,11,1,32,31,3,8,3
1270,17/09/2020,4,11,19,28,3,5,7,6
1269,10/09/2020,10,23,9,2,19,29,8,14
1268,03/09/2020,17,23,32,3,1,9,13,19
1267,27/08/2020,23,2,16,14,18,13,28,9
1266,20/08/2020,18,8,23,21,12,17,35,1
1265,13/08/2020,5,24,15,16,14,32,6,19
1264,06/08/2020,14,23,5,18,33,27,7,7
1263,30/07/2020,24,3,30,19,27,9,35,1
1262,23/07/2020,9,17,28,16,3,7,32,6
1261,16/07/2020,18,34,32,23,26,14,11,5
1260,09/07/2020,33,2,32,31,28,21,26,12
1259,02/07/2020,26,15,16,6,1,21,10,19
1258,25/06/2020,35,12,20,24,27,8,18,17
1257,18/06/2020,32,24,28,17,7,14,22,1
1256,11/06/2020,17,28,26,1,14,22,33,9
1255,04/06/2020,20,12,27,1,5,10,17,13
1254,28/05/2020,24,30,25,10,9,21,32,19
1253,21/05/2020,30,9,23,32,18,8,7,4
1252,14/05/2020,23,22,31,8,4,24,3,15
1251,07/05/2020,12,9,16,23,26,35,29,10
1250,30/04/2020,6,32,9,17,25,34,28,10
1249,23/04/2020,32,35,3,18,7,6,14,2
1248,16/04/2020,8,24,25,19,18,12,15,18
1247,09/04/2020,2,4,18,34,27,12,19,11
1246,02/04/2020,17,19,26,22,1,14,3,18
1245,26/03/2020,14,21,16,12,1,29,27,7
1244,19/03/2020,18,1,12,10,27,20,11,20
1243,12/03/2020,20,10,17,28,19,33,26,2
1242,05/03/2020,24,28,27,23,16,10,33,12
1241,27/02/2020,16,24,31,9,17,22,1,2
1240,20/02/2020,26,3,31,12,13,1,21,19
1239,13/02/2020,25,7,29,14,5,32,2,3
1238,06/02/2020,26,3,11,2,15,1,35,17
1237,30/01/2020,8,9,35,22,20,17,5,16
1236,23/01/2020,13,10,23,5,27,4,28,4
1235,16/01/2020,20,25,7,14,21,28,16,11
1234,09/01/2020,31,9,7,3,29,4,24,2
1233,02/01/2020,27,25,21,3,35,2,9,4
1232,26/12/2019,27,17,26,12,23,7,9,2
1231,19/12/2019,9,11,8,32,4,10,29,18
1230,12/12/2019,15,9,16,35,18,28,11,9
1229,05/12/2019,29,32,30,14,19,20,27,6
1228,28/11/2019,20,21,23,12,18,30,4,1
1227,21/11/2019,1,12,3,2,25,13,23,1
1226,14/11/2019,8,28,24,10,20,32,26,6
1225,07/11/2019,21,12,10,13,33,7,3,4
1224,31/10/2019,10,29,16,33,9,22,18,8
1223,24/10/2019,19,11,1,24,7,12,30,7
1222,17/10/2019,9,2,25,21,7,6,22,12
1221,10/10/2019,28,11,27,16,6,3,35,10
1220,03/10/2019,2,15,20,29,22,25,11,3
1219,26/09/2019,33,30,25,26,22,9,27,19
1218,19/09/2019,26,4,17,5,18,8,31,9
1217,12/09/2019,27,28,10,20,11,30,31,2
1216,05/09/2019,16,4,14,2,29,19,27,13
1215,29/08/2019,8,20,9,11,27,22,32,20
1214,22/08/2019,10,11,17,35,7,26,3,19
1213,15/08/2019,24,35,27,30,21,7,14,13
1212,08/08/2019,30,29,1,16,11,17,5,8
1211,01/08/2019,15,35,9,25,22,30,23,6
1210,25/07/2019,23,9,3,22,1,24,11,4
1209,18/07/2019,6,13,1,11,23,27,16,11
1208,11/07/2019,21,27,8,6,28,34,7,16
1207,04/07/2019,2,21,15,20,28,27,22,3
1206,27/06/2019,7,32,27,17,2,35,21,7
1205,20/06/2019,19,16,4,34,10,17,14,13
1204,13/06/2019,8,17,23,5,1,25,11,3
1203,06/06/2019,8,33,35,7,31,2,11,20
1202,30/05/2019,31,14,34,22,10,17,4,7
1201,23/05/2019,10,7,6,17,16,30,20,4
1200,16/05/2019,11,13,35,34,1,17,24,19
1199,09/05/2019,29,15,5,17,19,26,18,2
1198,02/05/2019,4,2,11,6,9,8,33,4
1197,25/04/2019,25,33,23,5,9,2,11,6
1196,18/04/2019,21,2,17,30,4,1,11,2
1195,11/04/2019,15,32,20,8,19,18,22,9
1194,04/04/2019,2,25,14,16,12,33,21,4
1193,28/03/2019,4,34,25,27,30,26,5,18
1192,21/03/2019,31,30,20,14,29,27,3,7
1191,14/03/2019,24,27,17,5,8,20,2,6
1190,07/03/2019,4,23,9,13,6,20,27,2
1189,28/02/2019,7,5,13,4,2,14,11,14
1188,21/02/2019,27,4,25,3,21,16,12,8
1187,14/02/2019,3,23,10,21,6,34,11,5
1186,07/02/2019,17,32,20,11,22,24,6,19
1185,31/01/2019,34,31,29,10,19,28,22,10
1184,24/01/2019,17,29,35,23,19,8,2,3
1183,17/01/2019,20,18,33,22,11,26,4,9
1182,10/01/2019,3,10,7,28,34,24,31,14
1181,03/01/2019,8,11,19,12,7,25,33,13
1180,27/12/2018,9,17,5,7,18,8,29,19
1179,20/12/2018,19,5,24,13,9,32,20,15
1178,13/12/2018,24,8,26,28,35,7,15,13
1177,06/12/2018,14,6,26,3,20,5,33,19
1176,29/11/2018,29,20,22,5,3,17,33,12
1175,22/11/2018,14,29,34,33,17,3,28,17
1174,15/11/2018,18,16,23,2,25,7,29,20
1173,08/11/2018,29,35,12,30,17,23,15,10
1172,01/11/2018,30,11,24,35,17,4,8,3
1171,25/10/2018,28,29,26,13,25,9,11,12
1170,18/10/2018,17,35,25,10,33,7,29,5
1169,11/10/2018,21,13,23,20,27,32,30,13
1168,04/10/2018,24,32,3,11,21,28,22,7
1167,27/09/2018,22,5,10,30,19,21,15,3
1166,20/09/2018,20,6,30,17,8,10,2,8
1165,13/09/2018,2,22,34,1,35,19,17,11
1164,06/09/2018,7,14,23,25,18,21,27,20
1163,30/08/2018,20,32,15,19,22,13,28,20
1162,23/08/2018,6,14,18,28,29,9,2,11
1161,16/08/2018,33,3,32,13,27,35,31,3
1160,09/08/2018,5,18,10,13,34,12,4,19
1159,02/08/2018,32,34,1,9,17,22,3,19
1158,26/07/2018,32,31,1,22,28,7,8,15
1157,19/07/2018,22,23,29,4,24,2,25,17
1156,12/07/2018,32,23,31,4,16,25,18,5
1155,05/07/2018,7,29,33,23,34,20,32,16
1154,28/06/2018,17,25,7,4,2,28,34,3
1153,21/06/2018,2,24,5,31,13,9,35,16
1152,14/06/2018,29,6,16,2,7,31,14,15
1151,07/06/2018,34,30,14,32,22,24,23,9
1150,31/05/2018,29,18,9,27,30,8,32,6
1149,24/05/2018,12,14,2,18,23,19,25,17
1148,17/05/2018,9,26,16,34,3,31,25,9
1147,10/05/2018,6,24,15,14,26,32,35,14
1146,03/05/2018,19,20,6,1,24,3,16,13
1145,26/04/2018,14,35,34,15,24,19,9,12
1144,19/04/2018,9,5,32,13,33,4,25,7
1143,12/04/2018,16,32,33,14,31,18,,17
1142,05/04/2018,5,25,22,8,18,23,,10
1141,29/03/2018,7,10,4,16,14,8,,10
1140,22/03/2018,10,17,35,40,22,30,,7
1139,15/03/2018,34,18,6,1,21,9,,15
1138,08/03/2018,12,29,4,22,37,26,,11
1137,01/03/2018,17,39,8,24,30,16,,8
1136,22/02/2018,19,16,14,38,11,15,,8
1135,15/02/2018,5,37,25,6,36,12,,7
1134,08/02/2018,33,7,12,38,23,10,,16
1133,01/02/2018,35,24,27,38,26,20,,3
1132,25/01/2018,23,24,40,10,13,1,,13
1131,18/01/2018,19,35,36,13,3,8,,6
1130,11/01/2018,32,7,5,34,38,11,,12
1129,04/01/2018,19,20,15,8,23,24,,5
1128,28/12/2017,29,37,34,12,28,35,,7
1127,21/12/2017,33,27,7,10,15,32,,9
1126,14/12/2017,31,19,28,40,22,30,,6
1125,07/12/2017,39,8,34,26,11,23,,13
1124,30/11/2017,22,26,31,35,21,38,,10
1123,23/11/2017,39,17,36,35,27,33,,7
1122,16/11/2017,33,18,11,3,36,6,,5
1121,09/11/2017,15,27,38,18,29,20,,20
1120,02/11/2017,3,4,30,33,32,23,,4
1119,26/10/2017,39,15,34,29,4,23,,5
1118,19/10/2017,11,34,17,31,8,9,,16
1117,12/10/2017,1,32,11,15,30,28,,20
1116,05/10/2017,6,38,33,7,17,19,,17
1115,28/09/2017,1,6,25,13,32,14,,7
1114,21/09/2017,26,17,2,10,25,23,,5
1113,14/09/2017,25,15,26,30,31,37,,18
1112,07/09/2017,35,28,3,14,11,24,,3
1111,31/08/2017,14,22,38,36,34,25,,10
1110,24/08/2017,9,13,6,35,3,30,,20
1109,17/08/2017,32,26,38,12,4,5,,6
1108,10/08/2017,6,17,1,20,8,16,,1
1107,03/08/2017,30,38,6,9,22,19,,10
1106,27/07/2017,36,23,27,15,31,4,,16
1105,20/07/2017,23,14,22,25,15,5,,9
1104,13/07/2017,28,24,30,12,9,1,,9
1103,06/07/2017,38,13,11,19,22,10,,20
1102,29/06/2017,19,5,2,9,12,3,,9
1101,22/06/2017,35,12,17,36,25,40,,17
1100,15/06/2017,28,38,23,31,24,6,,12
1099,08/06/2017,10,7,17,6,20,25,,15
1098,01/06/2017,18,19,24,37,29,32,,12
1097,25/05/2017,32,24,27,4,35,39,,13
1096,18/05/2017,35,27,17,10,39,6,,12
1095,11/05/2017,26,36,10,23,19,21,,10
1094,04/05/2017,25,5,17,15,10,4,,2
1093,27/04/2017,20,36,19,38,30,24,,3
1092,20/04/2017,27,7,30,19,13,22,,8
1091,13/04/2017,5,34,26,1,23,33,,10
1090,06/04/2017,31,6,7,32,34,17,,5
1089,30/03/2017,30,1,5,7,19,28,,6
1088,23/03/2017,7,40,31,34,5,17,,18
1087,16/03/2017,30,13,22,27,40,34,,17
1086,09/03/2017,19,26,9,29,27,6,,15
1085,02/03/2017,25,36,30,9,34,40,,11
1084,23/02/2017,20,29,1,16,15,26,,12
1083,16/02/2017,24,25,29,22,15,26,,16
1082,09/02/2017,11,23,16,33,31,21,,2
1081,02/02/2017,40,35,31,20,28,23,,3
1080,26/01/2017,36,38,23,8,40,6,,2
1079,19/01/2017,32,22,31,33,10,35,,19
1078,12/01/2017,36,11,29,4,14,26,,17
1077,05/01/2017,36,8,23,39,31,6,,15
1076,29/12/2016,4,24,6,31,3,25,,13
1075,22/12/2016,10,4,29,16,39,26,,18
1074,15/12/2016,36,13,30,37,8,22,,11
1073,08/12/2016,38,13,3,5,20,37,,14
1072,01/12/2016,38,34,37,9,12,23,,7
1071,24/11/2016,12,25,18,5,40,13,,5
1070,17/11/2016,34,4,16,10,40,24,,11
1069,10/11/2016,26,23,7,19,37,30,,5
1068,03/11/2016,8,40,26,35,23,22,,6
1067,27/10/2016,38,21,17,36,16,2,,7
1066,20/10/2016,12,25,22,5,34,8,,17
1065,13/10/2016,8,2,13,36,31,6,,15
1064,06/10/2016,37,33,12,32,9,21,,18
1063,29/09/2016,4,8,18,39,28,36,,18
1062,22/09/2016,16,33,28,20,23,14,,11
1061,15/09/2016,13,12,27,29,2,32,,12
1060,08/09/2016,31,25,9,28,17,10,,2
1059,01/09/2016,11,22,14,3,18,13,,9
1058,25/08/2016,12,39,22,32,25,24,,11
1057,18/08/2016,37,40,33,18,9,3,,8
1056,11/08/2016,4,35,17,24,7,12,,4
1055,04/08/2016,16,3,38,8,17,24,,5
1054,28/07/2016,1,21,24,36,5,32,,20
1053,21/07/2016,12,36,9,30,22,14,,3
1052,14/07/2016,13,31,26,6,8,30,,1
1051,07/07/2016,4,22,23,32,14,9,,19
1050,30/06/2016,14,31,1,13,4,33,,12
1049,23/06/2016,36,17,35,40,8,10,,13
1048,16/06/2016,11,17,37,3,24,29,,3
1047,09/06/2016,31,24,5,38,7,13,,8
1046,02/06/2016,10,25,39,31,19,2,,6
1045,26/05/2016,15,35,8,5,29,31,,9
1044,19/05/2016,7,11,26,29,22,24,,20
1043,12/05/2016,8,10,26,19,18,36,,5
1042,05/05/2016,1,20,38,11,2,25,,5
1041,28/04/2016,24,20,9,31,2,8,,1
1040,21/04/2016,18,33,8,12,19,26,,6
1039,14/04/2016,4,20,32,40,5,7,,14
1038,07/04/2016,15,35,5,20,34,3,,13
1037,31/03/2016,32,20,19,23,34,31,,11
1036,24/03/2016,16,17,32,2,7,25,,14
1035,17/03/2016,36,34,7,15,6,29,,19
1034,10/03/2016,31,33,6,4,22,20,,18
1033,03/03/2016,20,25,27,19,9,32,,5
1032,25/02/2016,14,38,13,32,15,9,,2
1031,18/02/2016,20,16,12,29,9,18,,17
1030,11/02/2016,1,8,21,30,22,33,,5
1029,04/02/2016,20,6,18,17,36,10,,2
1028,28/01/2016,29,17,33,31,2,9,,9
1027,21/01/2016,23,22,19,20,26,36,,14
1026,14/01/2016,23,34,12,19,37,36,,20
1025,07/01/2016,18,23,34,14,4,20,,18
1024,31/12/2015,34,17,20,26,37,33,,17
1023,24/12/2015,38,15,32,26,1,8,,19
1022,17/12/2015,40,32,7,9,2,23,,9
1021,10/12/2015,28,14,10,18,35,17,,9
1020,03/12/2015,11,7,2,21,19,25,,16
1019,26/11/2015,8,33,3,17,19,4,,9
1018,19/11/2015,38,23,13,16,5,2,,18
1017,12/11/2015,3,15,19,26,35,1,,18
1016,05/11/2015,17,13,19,31,20,24,,19
1015,29/10/2015,10,26,4,34,23,24,,5
1014,22/10/2015,12,9,31,18,38,35,,10
1013,15/10/2015,23,6,20,13,7,29,,18
1012,08/10/2015,35,6,27,20,5,13,,3
1011,01/10/2015,17,3,16,5,27,40,,18
1010,24/09/2015,15,39,7,34,21,16,,5
1009,17/09/2015,7,16,21,40,39,38,,10
1008,10/09/2015,15,24,38,29,11,12,,15
1007,03/09/2015,3,15,32,33,21,30,,17
1006,27/08/2015,6,5,23,11,2,28,,14
1005,20/08/2015,17,20,33,3,19,2,,1
1004,13/08/2015,5,11,26,1,12,39,,14
1003,06/08/2015,26,16,17,25,7,5,,17
1002,30/07/2015,7,20,3,21,36,1,,19
1001,23/07/2015,3,9,27,32,25,21,,18
1000,16/07/2015,18,39,2,5,25,11,,2
999,09/07/2015,19,17,35,27,2,24,,11
998,02/07/2015,17,7,39,26,23,37,,12
997,25/06/2015,24,26,37,25,1,4,,19
996,18/06/2015,37,22,25,15,10,34,,19
995,11/06/2015,14,32,16,18,35,17,,1
994,04/06/2015,4,8,33,21,3,16,,8
993,28/05/2015,39,26,31,25,37,29,,2
992,21/05/2015,13,35,6,40,31,14,,16
991,14/05/2015,5,31,38,29,13,27,,1
990,07/05/2015,33,19,20,10,32,22,,12
989,30/04/2015,15,37,6,18,35,24,,15
988,23/04/2015,32,9,34,2,27,25,,8
987,16/04/2015,29,18,6,27,8,25,,2
986,09/04/2015,37,6,9,17,30,23,,11
985,02/04/2015,9,5,23,11,24,33,,13
984,26/03/2015,19,15,25,1,35,10,,18
983,19/03/2015,14,24,8,18,35,7,,15
982,12/03/2015,4,6,8,23,40,32,,1
981,05/03/2015,4,6,23,32,2,28,,7
980,26/02/2015,19,22,36,5,18,8,,9
979,19/02/2015,27,38,4,7,3,36,,11
978,12/02/2015,11,28,39,3,1,5,,10
977,05/02/2015,22,21,16,36,29,31,,13
976,29/01/2015,35,37,6,3,18,32,,2
975,22/01/2015,38,25,40,17,22,13,,2
974,15/01/2015,5,31,13,20,26,37,,3
973,08/01/2015,2,10,32,37,34,15,,5
972,01/01/2015,24,25,27,34,32,18,,6
971,25/12/2014,32,19,13,38,16,31,,5
970,18/12/2014,14,33,36,24,38,35,,2
969,11/12/2014,32,9,36,20,7,31,,19
968,04/12/2014,5,8,6,36,39,4,,8
967,27/11/2014,5,3,37,32,22,10,,13
966,20/11/2014,37,36,25,24,7,26,,12
965,13/11/2014,5,7,19,4,14,28,,18
964,06/11/2014,39,27,29,5,12,21,,19
963,30/10/2014,4,30,15,6,1,36,,5
962,23/10/2014,39,30,19,13,24,22,,11
961,16/10/2014,13,9,26,18,4,34,,3
960,09/10/2014,24,35,2,26,25,29,,8
959,02/10/2014,17,13,27,18,25,23,,1
958,25/09/2014,32,9,19,40,27,31,,1
957,18/09/2014,35,10,3,34,16,11,,4
956,11/09/2014,30,40,4,39,16,18,,19
955,04/09/2014,25,17,24,26,2,18,,6
954,28/08/2014,9,11,28,26,23,14,,11
953,21/08/2014,32,8,5,40,19,7,,12
952,14/08/2014,12,1,38,31,8,26,,6
951,07/08/2014,27,7,32,26,12,31,,12
950,31/07/2014,23,31,37,16,5,24,,15
949,24/07/2014,8,1,21,31,11,15,,20
948,17/07/2014,39,1,9,31,6,38,,10
947,10/07/2014,33,20,21,15,13,10,,2
946,03/07/2014,31,28,38,36,26,27,,15
945,26/06/2014,20,10,33,32,2,9,,7
944,19/06/2014,26,30,35,40,17,32,,19
943,12/06/2014,29,6,32,19,39,24,,7
942,05/06/2014,17,35,11,14,3,6,,4
941,29/05/2014,21,32,15,2,14,22,,15
940,22/05/2014,3,20,13,6,12,4,,1
939,15/05/2014,36,8,30,32,34,35,,4
938,08/05/2014,13,21,8,28,34,7,,4
937,01/05/2014,21,36,28,33,37,5,,2
936,24/04/2014,33,36,8,15,21,19,,3
935,17/04/2014,16,8,11,20,23,29,,9
934,10/04/2014,36,38,21,39,29,22,,12
933,03/04/2014,29,27,18,32,28,16,,2
932,27/03/2014,21,39,2,34,15,19,,10
931,20/03/2014,39,34,11,20,22,27,,6
930,13/03/2014,3,31,37,9,38,4,,6
929,06/03/2014,38,26,28,20,24,21,,15
928,27/02/2014,34,1,18,30,22,14,,17
927,20/02/2014,6,40,25,29,26,4,,18
926,13/02/2014,34,11,24,6,8,13,,7
925,06/02/2014,13,7,22,3,5,10,,15
924,30/01/2014,9,29,32,14,15,13,,17
923,23/01/2014,28,9,24,14,7,31,,11
922,16/01/2014,19,27,37,34,33,26,,20
921,09/01/2014,24,14,18,20,29,19,,11
920,02/01/2014,8,38,36,29,13,4,,3
919,26/12/2013,16,39,7,35,3,25,,13
918,19/12/2013,12,35,10,32,30,11,,10
917,12/12/2013,33,24,40,16,39,37,,1
916,05/12/2013,16,37,11,4,21,6,,3
915,28/11/2013,22,37,20,12,23,18,,5
914,21/11/2013,1,16,27,34,19,10,,10
913,14/11/2013,8,5,16,15,18,29,,19
912,07/11/2013,27,14,34,9,13,25,,15
911,31/10/2013,36,13,28,4,34,17,,19
910,24/10/2013,12,2,20,14,38,30,,15
909,17/10/2013,30,4,19,12,13,8,,2
908,10/10/2013,39,4,19,32,13,27,,16
907,03/10/2013,18,10,9,33,31,30,,10
906,26/09/2013,17,23,7,9,40,12,,8
905,19/09/2013,9,7,4,20,29,19,,12
904,12/09/2013,5,36,29,15,40,22,,4
903,05/09/2013,12,2,10,16,14,20,,8
902,29/08/2013,29,6,4,34,3,39,,7
901,22/08/2013,15,37,32,6,24,10,,11
900,15/08/2013,12,9,3,27,23,14,,12
899,08/08/2013,23,1,20,25,22,8,,12
898,01/08/2013,4,24,29,23,16,18,,8
897,25/07/2013,6,28,20,7,40,23,,15
896,18/07/2013,26,30,36,32,29,15,,4
895,11/07/2013,21,15,10,9,35,38,,9
894,04/07/2013,23,17,8,16,14,1,,11
893,27/06/2013,25,3,4,10,28,32,,9
892,20/06/2013,33,8,37,19,5,17,,14
891,13/06/2013,11,38,12,25,24,13,,7
890,06/06/2013,29,16,20,26,5,14,,8
889,30/05/2013,29,10,26,34,37,19,,16
888,23/05/2013,6,26,14,27,10,1,,7
887,16/05/2013,24,26,31,23,40,4,,13
886,09/05/2013,33,2,26,23,30,4,,4
885,02/05/2013,34,37,23,10,4,39,,20
884,25/04/2013,26,13,22,18,4,17,,20
883,18/04/2013,32,29,25,33,34,20,,2
882,11/04/2013,28,35,24,40,4,7,,12
881,04/04/2013,34,39,21,38,35,7,,5
880,28/03/2013,28,5,26,27,2,21,,19
879,21/03/2013,22,3,26,38,34,32,,18
878,14/03/2013,37,5,35,30,9,23,,18
877,07/03/2013,8,16,26,29,19,25,,5
876,28/02/2013,5,44,14,3,24,,,5
875,21/02/2013,9,45,28,38,31,,,19
874,14/02/2013,17,40,1,31,32,,,16
873,07/02/2013,5,23,15,33,44,,,27
872,31/01/2013,4,24,14,33,23,,,16
871,24/01/2013,11,14,30,28,9,,,37
870,17/01/2013,16,35,25,22,37,,,24
869,10/01/2013,7,29,13,8,25,,,37
868,03/01/2013,35,30,24,26,23,,,32
867,27/12/2012,8,7,20,19,5,,,10
866,20/12/2012,30,18,11,23,29,,,24
865,13/12/2012,11,30,36,13,18,,,45
864,06/12/2012,33,19,21,5,27,,,3
863,29/11/2012,10,35,3,19,38,,,25
862,22/11/2012,6,2,20,11,17,,,21
861,15/11/2012,37,24,25,16,8,,,5
860,08/11/2012,2,22,21,3,32,,,45
859,01/11/2012,25,28,6,16,12,,,10
858,25/10/2012,42,30,38,18,13,,,8
857,18/10/2012,31,7,30,21,8,,,29
856,11/10/2012,2,39,21,29,14,,,28
855,04/10/2012,45,44,26,41,20,,,9
854,27/09/2012,41,2,24,31,16,,,11
853,20/09/2012,6,26,22,15,40,,,13
852,13/09/2012,7,44,43,30,10,,,35
851,06/09/2012,13,26,28,16,18,,,24
850,30/08/2012,6,11,25,35,13,,,3
849,23/08/2012,13,8,9,22,10,,,8
848,16/08/2012,28,30,23,15,7,,,35
847,09/08/2012,7,28,38,35,32,,,42
846,02/08/2012,7,25,17,28,2,,,26
845,26/07/2012,32,33,31,7,28,,,44
844,19/07/2012,12,31,36,42,6,,,31
843,12/07/2012,20,3,36,28,8,,,11
842,05/07/2012,18,37,16,26,42,,,14
841,28/06/2012,18,19,23,36,11,,,37
840,21/06/2012,5,28,39,33,23,,,32
839,14/06/2012,27,12,23,15,29,,,1
838,07/06/2012,3,24,10,26,16,,,19
837,31/05/2012,12,10,1,27,5,,,29
836,24/05/2012,22,34,4,27,18,,,32
835,17/05/2012,35,44,29,42,14,,,11
834,10/05/2012,29,18,6,37,3,,,9
833,03/05/2012,2,1,29,19,8,,,13
832,26/04/2012,32,15,38,14,23,,,12
831,19/04/2012,7,42,18,5,14,,,23
830,12/04/2012,11,12,18,32,20,,,24
829,05/04/2012,39,20,37,36,22,,,44
828,29/03/2012,6,3,41,4,9,,,20
827,22/03/2012,2,45,10,5,29,,,3
826,15/03/2012,23,13,24,37,20,,,25
825,08/03/2012,33,18,17,6,29,,,7
824,01/03/2012,43,38,37,39,42,,,27
823,23/02/2012,14,10,34,2,15,,,27
822,16/02/2012,2,5,41,43,31,,,26
821,09/02/2012,35,9,39,37,19,,,14
820,02/02/2012,37,42,9,13,29,,,29
819,26/01/2012,17,14,5,13,23,,,1
818,19/01/2012,22,3,30,7,9,,,29
817,12/01/2012,23,42,19,12,45,,,42
816,05/01/2012,12,39,32,4,20,,,4
815,29/12/2011,2,4,34,31,16,,,26
814,22/12/2011,17,30,39,9,2,,,27
813,15/12/2011,23,16,41,38,45,,,45
812,08/12/2011,28,36,39,26,20,,,6
811,01/12/2011,2,30,13,44,41,,,5
810,24/11/2011,19,41,11,43,4,,,17
809,17/11/2011,16,25,6,4,20,,,18
808,10/11/2011,31,5,25,30,37,,,33
807,03/11/2011,18,5,22,44,2,,,9
806,27/10/2011,6,35,40,13,18,,,7
805,20/10/2011,11,27,30,14,8,,,22
804,13/10/2011,14,17,1,24,12,,,8
803,06/10/2011,22,28,6,7,23,,,22
802,29/09/2011,44,2,45,33,36,,,18
801,22/09/2011,37,45,11,22,5,,,45
800,15/09/2011,5,31,36,37,10,,,41
799,08/09/2011,3,22,24,25,32,,,10
798,01/09/2011,3,36,32,23,33,,,38
797,25/08/2011,44,28,14,21,27,,,43
796,18/08/2011,28,1,21,12,36,,,24
795,11/08/2011,42,1,45,19,8,,,1
794,04/08/2011,42,31,13,8,34,,,9
793,28/07/2011,34,28,13,8,26,,,23
792,21/07/2011,4,32,5,22,30,,,20
791,14/07/2011,36,2,44,10,16,,,15
790,07/07/2011,19,4,41,13,24,,,7
789,30/06/2011,43,32,39,22,8,,,6
788,23/06/2011,23,17,6,16,33,,,36
787,16/06/2011,12,17,4,14,43,,,25
786,09/06/2011,25,10,13,7,38,,,1
785,02/06/2011,44,23,36,12,45,,,45
784,26/05/2011,9,15,41,23,8,,,11
783,19/05/2011,40,4,14,31,17,,,7
782,12/05/2011,2,26,8,7,16,,,1
781,05/05/2011,2,32,40,27,31,,,25
780,28/04/2011,23,6,15,21,28,,,27
779,21/04/2011,29,13,17,38,43,,,24
778,14/04/2011,27,1,43,32,37,,,28
777,07/04/2011,13,14,42,5,2,,,14
776,31/03/2011,34,2,12,30,14,,,9
775,24/03/2011,35,39,21,43,10,,,23
774,17/03/2011,5,2,7,34,28,,,6
773,10/03/2011,27,23,11,2,18,,,22
772,03/03/2011,38,6,34,37,30,,,41
771,24/02/2011,21,25,11,4,43,,,16
770,17/02/2011,21,8,7,28,5,,,32
769,10/02/2011,36,19,31,41,45,,,25
768,03/02/2011,43,30,4,7,8,,,28
767,27/01/2011,27,10,23,14,31,,,40
766,20/01/2011,22,37,1,42,5,,,40
765,13/01/2011,22,42,34,24,44,,,36
764,06/01/2011,34,41,15,1,33,,,1
763,30/12/2010,5,37,35,4,25,,,39
762,23/12/2010,14,33,19,3,44,,,13
761,16/12/2010,21,32,24,36,7,,,9
760,09/12/2010,38,43,19,24,21,,,40
759,02/12/2010,11,31,3,14,27,,,27
758,25/11/2010,28,36,37,40,10,,,22
757,18/11/2010,38,2,22,20,34,,,5
756,11/11/2010,5,1,7,11,24,,,25
755,04/11/2010,31,29,38,10,1,,,3
754,28/10/2010,34,22,6,8,3,,,3
753,21/10/2010,30,19,5,17,35,,,13
752,14/10/2010,27,19,41,35,3,,,12
751,07/10/2010,44,25,17,16,5,,,22
750,30/09/2010,24,15,30,2,4,,,8
749,23/09/2010,4,1,35,24,25,,,36
748,16/09/2010,6,17,26,44,15,,,27
747,09/09/2010,17,7,35,12,33,,,12
746,02/09/2010,26,23,39,36,45,,,24
745,26/08/2010,41,27,37,17,7,,,34
744,19/08/2010,41,5,3,40,29,,,38
743,12/08/2010,3,29,21,18,13,,,9
742,05/08/2010,31,2,13,18,41,,,29
741,29/07/2010,42,44,45,27,14,,,26
740,22/07/2010,39,26,40,32,31,,,7
739,15/07/2010,39,43,17,40,5,,,41
738,08/07/2010,38,45,32,16,27,,,28
737,01/07/2010,15,11,14,29,16,,,37
736,24/06/2010,20,33,12,19,42,,,8
735,17/06/2010,33,43,28,32,31,,,32
734,10/06/2010,28,22,11,2,37,,,43
733,03/06/2010,6,39,13,4,7,,,17
732,27/05/2010,18,19,25,10,22,,,21
731,20/05/2010,7,33,21,42,25,,,36
730,13/05/2010,4,30,26,33,32,,,28
729,06/05/2010,17,21,8,24,42,,,25
728,29/04/2010,15,44,20,13,45,,,11
727,22/04/2010,11,37,1,35,13,,,17
726,15/04/2010,35,3,2,1,33,,,32
725,08/04/2010,18,29,45,13,10,,,16
724,01/04/2010,41,8,40,24,21,,,12
723,25/03/2010,35,29,2,31,3,,,26
722,18/03/2010,17,40,11,32,31,,,34
721,11/03/2010,42,15,36,41,17,,,27
720,04/03/2010,29,7,12,11,25,,,21
719,25/02/2010,32,1,24,37,33,,,37
718,18/02/2010,37,36,39,38,23,,,43
717,11/02/2010,11,21,2,32,40,,,22
716,04/02/2010,29,36,16,5,35,,,34
715,28/01/2010,14,21,16,28,38,,,34
714,21/01/2010,44,42,20,4,8,,,23
713,14/01/2010,31,27,44,13,16,,,19
712,07/01/2010,31,35,8,4,30,,,27
711,31/12/2009,33,14,36,3,6,,,36
710,24/12/2009,6,35,33,39,7,,,5
709,17/12/2009,44,37,21,8,43,,,17
708,10/12/2009,29,24,42,4,44,,,39
707,03/12/2009,32,22,18,29,4,,,32
706,26/11/2009,39,19,35,41,23,,,33
705,19/11/2009,17,32,27,37,30,,,6
704,12/11/2009,22,2,15,11,5,,,18
703,05/11/2009,2,5,4,38,13,,,15
702,29/10/2009,20,2,45,11,10,,,45
701,22/10/2009,11,35,30,25,9,,,42
700,15/10/2009,9,45,36,18,14,,,43
699,08/10/2009,4,28,26,29,24,,,10
698,01/10/2009,8,26,13,37,17,,,17
697,24/09/2009,9,37,28,33,1,,,17
696,17/09/2009,23,32,22,18,41,,,4
695,10/09/2009,15,7,10,1,38,,,43
694,03/09/2009,38,42,26,31,15,,,31
693,27/08/2009,7,29,6,20,30,,,29
692,20/08/2009,1,14,42,6,34,,,32
691,13/08/2009,28,23,5,11,30,,,34
690,06/08/2009,1,45,36,21,22,,,6
689,30/07/2009,13,17,15,21,45,,,37
688,23/07/2009,12,2,17,18,7,,,43
687,16/07/2009,40,31,17,11,20,,,20
686,09/07/2009,34,6,9,33,39,,,41
685,02/07/2009,26,20,44,34,21,,,15
684,25/06/2009,43,23,25,42,12,,,35
683,18/06/2009,2,32,1,45,28,,,21
682,11/06/2009,44,2,29,5,20,,,6
681,04/06/2009,13,30,14,3,33,,,6
680,28/05/2009,9,29,15,18,33,,,24
679,21/05/2009,5,35,22,10,43,,,32
678,14/05/2009,17,34,41,13,6,,,24
677,07/05/2009,37,18,38,39,16,,,9
676,30/04/2009,29,13,25,45,21,,,28
675,23/04/2009,32,11,15,1,19,,,14
674,16/04/2009,27,24,45,41,32,,,13
673,09/04/2009,11,13,37,31,26,,,6
672,02/04/2009,44,15,22,35,39,,,28
671,26/03/2009,13,16,42,15,29,,,37
670,19/03/2009,9,14,20,37,21,,,21
669,12/03/2009,35,3,11,44,16,,,44
668,05/03/2009,22,19,10,18,36,,,19
667,26/02/2009,44,19,36,6,40,,,44
666,19/02/2009,19,30,36,1,44,,,8
665,12/02/2009,10,37,41,39,43,,,23
664,05/02/2009,22,23,42,1,8,,,32
663,29/01/2009,24,18,8,19,26,,,24
662,22/01/2009,12,11,13,4,35,,,1
661,15/01/2009,41,6,35,33,24,,,23
660,08/01/2009,33,14,43,21,4,,,34
659,01/01/2009,39,36,40,21,14,,,39
658,25/12/2008,1,2,9,3,8,,,26
657,18/12/2008,36,33,37,26,21,,,38
656,11/12/2008,10,22,6,34,23,,,33
655,04/12/2008,9,42,7,16,12,,,24
654,27/11/2008,36,41,39,25,13,,,16
653,20/11/2008,24,44,3,40,31,,,10
652,13/11/2008,16,34,25,5,6,,,31
651,06/11/2008,36,15,1,20,37,,,43
650,30/10/2008,23,43,32,26,7,,,17
649,23/10/2008,42,37,18,6,20,,,3
648,16/10/2008,38,37,6,1,34,,,22
647,09/10/2008,25,2,40,36,30,,,28
646,02/10/2008,13,43,27,40,34,,,25
645,25/09/2008,13,17,40,6,23,,,18
644,18/09/2008,29,13,30,2,38,,,17
643,11/09/2008,22,3,9,4,26,,,10
642,04/09/2008,12,3,8,11,32,,,21
641,28/08/2008,5,9,18,21,17,,,41
640,21/08/2008,18,28,43,7,21,,,37
639,14/08/2008,10,8,14,39,18,,,27
638,07/08/2008,34,23,30,8,22,,,30
637,31/07/2008,21,40,5,43,35,,,8
636,24/07/2008,22,3,11,23,31,,,18
635,17/07/2008,32,18,42,37,5,,,18
634,10/07/2008,3,18,30,34,16,,,15
633,03/07/2008,36,13,27,2,33,,,16
632,26/06/2008,33,24,12,10,13,,,21
631,19/06/2008,41,31,19,44,21,,,18
630,12/06/2008,7,42,45,10,13,,,42
629,05/06/2008,5,21,11,38,2,,,33
628,29/05/2008,4,8,38,5,6,,,7
627,22/05/2008,14,33,11,42,31,,,13
626,15/05/2008,13,1,20,29,6,,,42
625,08/05/2008,17,14,7,34,38,,,21
624,01/05/2008,8,26,9,28,3,,,44
623,24/04/2008,15,38,24,10,16,,,12
622,17/04/2008,14,40,8,35,7,,,26
621,10/04/2008,8,22,17,40,16,,,5
620,03/04/2008,28,22,37,21,32,,,28
619,27/03/2008,42,40,41,16,30,,,30
618,20/03/2008,24,32,8,16,1,,,13
617,13/03/2008,12,42,19,25,17,,,26
616,06/03/2008,11,3,19,26,39,,,42
615,28/02/2008,5,44,35,16,26,,,44
614,21/02/2008,44,18,34,15,27,,,28
613,14/02/2008,14,9,22,19,37,,,3
612,07/02/2008,21,45,13,16,1,,,36
611,31/01/2008,9,34,40,4,39,,,43
610,24/01/2008,35,25,37,40,32,,,13
609,17/01/2008,42,2,43,44,17,,,39
608,10/01/2008,14,23,3,30,40,,,20
607,03/01/2008,15,34,1,2,36,,,8
606,27/12/2007,14,22,38,41,44,,,6
605,20/12/2007,22,37,18,28,33,,,14
604,13/12/2007,16,25,11,20,3,,,37
603,06/12/2007,36,20,22,25,44,,,3
602,29/11/2007,14,3,39,30,2,,,2
601,22/11/2007,37,36,2,3,20,,,29
600,15/11/2007,41,39,10,27,25,,,8
599,08/11/2007,45,30,38,28,15,,,1
598,01/11/2007,5,34,20,24,22,,,39
597,25/10/2007,23,31,41,40,7,,,35
596,18/10/2007,41,4,38,39,6,,,23
595,11/10/2007,29,11,18,39,22,,,21
594,04/10/2007,22,39,17,36,8,,,20
593,27/09/2007,13,22,17,31,1,,,21
592,20/09/2007,42,12,45,18,36,,,13
591,13/09/2007,28,5,29,25,8,,,39
590,06/09/2007,25,15,8,24,13,,,22
589,30/08/2007,40,19,1,33,7,,,36
588,23/08/2007,3,14,20,38,22,,,29
587,16/08/2007,28,29,23,31,9,,,21
586,09/08/2007,41,45,8,24,18,,,29
585,02/08/2007,22,7,19,24,13,,,44
584,26/07/2007,40,8,42,2,26,,,14
583,19/07/2007,44,18,40,32,37,,,29
582,12/07/2007,6,39,38,22,31,,,35
581,05/07/2007,25,24,22,19,45,,,5
580,28/06/2007,22,18,14,38,40,,,40
579,21/06/2007,29,11,34,15,23,,,8
578,14/06/2007,32,7,14,20,28,,,14
577,07/06/2007,16,21,26,31,3,,,42
576,31/05/2007,31,14,33,21,4,,,24
575,24/05/2007,34,38,24,33,36,,,43
574,17/05/2007,19,2,5,32,18,,,14
573,10/05/2007,44,41,34,39,27,,,5
572,03/05/2007,43,8,29,36,27,,,23
571,26/04/2007,26,22,24,17,43,,,7
570,19/04/2007,19,15,23,17,25,,,22
569,12/04/2007,2,11,33,38,14,,,32
568,05/04/2007,22,9,2,14,12,,,19
567,29/03/2007,22,5,31,23,18,,,4
566,22/03/2007,2,22,21,30,26,,,33
565,15/03/2007,1,41,22,38,30,,,5
564,08/03/2007,34,45,32,5,30,,,16
563,01/03/2007,34,7,32,5,21,,,7
562,22/02/2007,10,26,16,34,17,,,19
561,15/02/2007,29,24,33,17,28,,,26
560,08/02/2007,41,1,40,26,28,,,17
559,01/02/2007,39,27,12,7,32,,,38
558,25/01/2007,26,7,15,27,13,,,29
557,18/01/2007,14,5,17,43,27,,,29
556,11/01/2007,39,43,38,18,5,,,36
555,04/01/2007,32,18,31,43,19,,,28
554,28/12/2006,33,41,30,13,16,,,44
553,21/12/2006,14,28,37,34,30,,,15
552,14/12/2006,27,18,4,28,30,,,34
551,07/12/2006,25,15,19,7,5,,,30
550,30/11/2006,21,44,3,10,34,,,44
549,23/11/2006,11,24,8,5,31,,,27
548,16/11/2006,44,19,43,4,20,,,28
547,09/11/2006,44,42,23,29,40,,,31
546,02/11/2006,45,38,31,39,1,,,32
545,26/10/2006,12,29,22,31,10,,,32
544,19/10/2006,4,5,23,12,7,,,29
543,12/10/2006,37,44,18,39,32,,,45
542,05/10/2006,20,44,13,39,1,,,23
541,28/09/2006,11,29,40,43,23,,,24
540,21/09/2006,6,36,42,34,23,,,11
539,14/09/2006,4,16,24,5,28,,,36
538,07/09/2006,34,45,6,10,24,,,36
537,31/08/2006,44,26,34,5,11,,,9
536,24/08/2006,24,30,38,31,10,,,11
535,17/08/2006,18,28,9,10,31,,,15
534,10/08/2006,21,37,5,43,9,,,3
533,03/08/2006,20,30,27,24,35,,,4
532,27/07/2006,8,15,12,27,11,,,14
531,20/07/2006,2,21,1,38,3,,,4
530,13/07/2006,36,22,16,14,21,,,1
529,06/07/2006,1,8,16,22,15,,,34
528,29/06/2006,36,29,38,33,31,,,10
527,22/06/2006,36,34,23,21,1,,,7
526,15/06/2006,42,40,30,21,23,,,2
525,08/06/2006,29,6,5,45,23,,,25
524,01/06/2006,13,37,41,29,21,,,39
523,25/05/2006,16,40,27,43,33,,,33
522,18/05/2006,15,6,12,13,45,,,32
521,11/05/2006,31,10,18,1,11,,,45
520,04/05/2006,1,27,16,30,12,,,24
519,27/04/2006,35,27,42,37,39,,,41
518,20/04/2006,5,26,21,7,11,,,14
517,13/04/2006,2,12,30,32,39,,,8
516,06/04/2006,45,1,2,13,38,,,4
515,30/03/2006,32,41,33,17,24,,,17
514,23/03/2006,13,2,24,34,12,,,13
513,16/03/2006,40,4,8,44,13,,,17
512,09/03/2006,34,39,32,19,9,,,42
511,02/03/2006,40,42,36,8,43,,,16
510,23/02/2006,42,2,9,25,22,,,40
509,16/02/2006,10,22,28,31,18,,,17
508,09/02/2006,33,41,11,38,21,,,22
507,02/02/2006,13,4,1,6,36,,,34
506,26/01/2006,42,21,36,40,2,,,2
505,19/01/2006,43,35,23,30,29,,,35
504,12/01/2006,42,37,44,31,15,,,23
503,05/01/2006,6,13,41,39,15,,,17
502,29/12/2005,30,1,36,3,40,,,20
501,22/12/2005,2,36,10,35,31,,,15
500,15/12/2005,10,45,9,12,34,,,34
499,08/12/2005,34,7,39,11,5,,,9
498,01/12/2005,17,1,2,5,10,,,34
497,24/11/2005,3,8,41,39,25,,,13
496,17/11/2005,7,3,9,36,18,,,7
495,10/11/2005,38,12,25,42,11,,,39
494,03/11/2005,15,40,4,2,25,,,29
493,27/10/2005,42,38,22,13,27,,,39
492,20/10/2005,2,30,1,40,26,,,21
491,13/10/2005,26,37,33,15,19,,,12
490,06/10/2005,41,11,29,32,4,,,1
489,29/09/2005,28,13,10,31,7,,,15
488,22/09/2005,26,36,45,40,38,,,24
487,15/09/2005,40,41,38,9,32,,,24
486,08/09/2005,18,36,31,22,24,,,31
485,01/09/2005,8,22,29,19,37,,,36
484,25/08/2005,34,13,22,42,14,,,28
483,18/08/2005,31,7,44,18,6,,,3
482,11/08/2005,38,44,8,19,3,,,27
481,04/08/2005,44,17,10,37,12,,,4
480,28/07/2005,15,42,19,8,30,,,5
479,21/07/2005,39,35,36,10,22,,,14
478,14/07/2005,38,37,41,24,12,,,9
477,07/07/2005,12,22,42,26,31,,,19
476,30/06/2005,36,2,5,43,13,,,37
475,23/06/2005,33,27,23,6,41,,,28
474,16/06/2005,14,2,22,6,41,,,22
473,09/06/2005,34,37,24,7,30,,,41
472,02/06/2005,27,24,11,30,43,,,1
471,26/05/2005,18,4,28,33,16,,,16
470,19/05/2005,14,29,15,33,42,,,45
469,12/05/2005,16,43,11,30,45,,,7
468,05/05/2005,7,45,42,6,40,,,15
467,28/04/2005,29,28,12,13,21,,,28
466,21/04/2005,45,5,41,6,14,,,7
465,14/04/2005,23,35,14,39,41,,,9
464,07/04/2005,9,38,34,19,10,,,7
463,31/03/2005,24,37,25,32,42,,,10
462,24/03/2005,11,34,42,25,1,,,38
461,17/03/2005,36,27,7,28,13,,,2
460,10/03/2005,28,6,27,40,43,,,25
459,03/03/2005,16,35,5,6,14,,,38
458,24/02/2005,44,18,27,30,7,,,14
457,17/02/2005,17,10,12,45,19,,,41
456,10/02/2005,7,45,8,6,39,,,27
455,03/02/2005,22,5,13,17,9,,,7
454,27/01/2005,22,36,19,33,6,,,15
453,20/01/2005,36,30,15,27,42,,,3
452,13/01/2005,2,28,38,19,34,,,1
451,06/01/2005,34,29,39,24,3,,,15
450,30/12/2004,31,40,45,16,2,,,44
449,23/12/2004,34,33,7,11,3,,,21
448,16/12/2004,8,35,1,39,40,,,32
447,09/12/2004,18,34,20,39,11,,,32
446,02/12/2004,16,44,8,10,21,,,38
445,25/11/2004,27,31,18,33,41,,,39
444,18/11/2004,40,29,11,9,1,,,33
443,11/11/2004,11,5,28,27,35,,,12
442,04/11/2004,41,1,8,44,6,,,43
441,28/10/2004,20,21,29,18,12,,,38
440,21/10/2004,19,22,36,1,5,,,11
439,14/10/2004,35,17,18,32,40,,,2
438,07/10/2004,43,1,5,35,2,,,10
437,30/09/2004,30,7,1,23,32,,,22
436,23/09/2004,33,38,16,21,24,,,31
435,16/09/2004,14,28,26,42,43,,,6
434,09/09/2004,16,34,30,44,29,,,3
433,02/09/2004,26,40,37,22,25,,,5
432,26/08/2004,39,26,31,20,23,,,2
431,19/08/2004,43,18,14,32,29,,,9
430,12/08/2004,39,14,2,42,29,,,30
429,05/08/2004,20,11,27,39,2,,,43
428,29/07/2004,19,9,28,8,5,,,16
427,22/07/2004,35,21,37,10,1,,,29
426,15/07/2004,37,40,4,20,9,,,44
425,08/07/2004,11,19,12,30,25,,,17
424,01/07/2004,12,29,15,30,21,,,29
423,24/06/2004,36,45,41,18,11,,,37
422,17/06/2004,13,32,21,2,16,,,6
421,10/06/2004,19,34,15,17,25,,,30
420,03/06/2004,11,17,4,36,22,,,14
419,27/05/2004,9,8,3,42,24,,,18
418,20/05/2004,15,39,9,29,31,,,25
417,13/05/2004,45,36,23,7,25,,,33
416,06/05/2004,42,26,11,14,20,,,31
415,29/04/2004,7,30,9,17,33,,,45
414,22/04/2004,9,34,5,28,32,,,6
413,15/04/2004,10,11,34,4,25,,,2
412,08/04/2004,31,12,43,45,7,,,7
411,01/04/2004,39,34,32,1,25,,,42
410,25/03/2004,31,21,5,11,12,,,8
409,18/03/2004,31,35,17,23,42,,,24
408,11/03/2004,1,22,4,37,25,,,27
407,04/03/2004,5,11,24,40,28,,,22
406,26/02/2004,40,6,19,30,26,,,23
405,19/02/2004,7,44,11,38,19,,,32
404,12/02/2004,38,3,6,24,7,,,30
403,05/02/2004,1,18,19,33,31,,,19
402,29/01/2004,5,12,6,34,45,,,19
401,22/01/2004,45,24,33,34,4,,,36
400,15/01/2004,17,23,9,40,6,,,28
399,08/01/2004,42,34,38,26,27,,,8
398,01/01/2004,1,36,33,45,18,,,42
397,25/12/2003,3,10,30,24,18,,,9
396,18/12/2003,30,36,22,40,3,,,12
395,11/12/2003,2,22,27,19,36,,,29
394,04/12/2003,31,39,12,42,19,,,43
393,27/11/2003,40,42,43,26,35,,,37
392,20/11/2003,35,4,12,16,26,,,22
391,13/11/2003,20,35,29,19,34,,,5
390,06/11/2003,45,8,44,36,39,,,15
389,30/10/2003,11,35,19,28,3,,,45
388,23/10/2003,43,21,29,38,26,,,4
387,16/10/2003,18,42,2,12,26,,,12
386,09/10/2003,6,37,11,38,34,,,16
385,02/10/2003,45,24,30,44,1,,,13
384,25/09/2003,2,33,31,14,26,,,44
383,18/09/2003,44,39,19,27,29,,,41
382,11/09/2003,11,34,23,42,25,,,10
381,04/09/2003,3,12,45,35,5,,,42
380,28/08/2003,9,12,13,27,5,,,42
379,21/08/2003,45,17,34,26,24,,,36
378,14/08/2003,36,42,30,34,24,,,15
377,07/08/2003,11,32,13,4,44,,,17
376,31/07/2003,35,25,39,2,24,,,36
375,24/07/2003,20,12,17,33,18,,,19
374,17/07/2003,9,16,34,24,25,,,11
373,10/07/2003,16,17,5,22,18,,,17
372,03/07/2003,4,24,32,8,2,,,12
371,26/06/2003,31,33,7,14,6,,,28
370,19/06/2003,35,31,16,5,6,,,38
369,12/06/2003,43,8,2,4,36,,,29
368,05/06/2003,29,5,1,25,9,,,31
367,29/05/2003,38,7,10,9,29,,,42
366,22/05/2003,41,40,37,34,3,,,18
365,15/05/2003,4,33,8,36,21,,,26
364,08/05/2003,19,22,26,9,5,,,7
363,01/05/2003,31,15,24,38,25,,,38
362,24/04/2003,23,33,17,13,38,,,26
361,17/04/2003,3,39,9,21,29,,,4
360,10/04/2003,21,23,4,6,44,,,32
359,03/04/2003,1,42,11,16,41,,,39
358,27/03/2003,44,22,14,13,1,,,18
357,20/03/2003,14,40,41,43,12,,,24
356,13/03/2003,30,4,29,35,18,,,4
355,06/03/2003,37,38,45,8,24,,,11
354,27/02/2003,15,1,6,39,12,,,28
353,20/02/2003,4,38,21,24,26,,,18
352,13/02/2003,4,5,39,10,30,,,25
351,06/02/2003,28,1,23,42,35,,,40
350,30/01/2003,23,30,3,31,40,,,18
349,23/01/2003,10,11,19,45,39,,,8
348,16/01/2003,35,45,23,38,10,,,19
347,09/01/2003,24,20,15,13,41,,,32
346,02/01/2003,43,12,31,28,9,,,6
345,26/12/2002,26,9,5,10,8,,,2
344,19/12/2002,28,34,8,39,42,,,1
343,12/12/2002,6,7,10,40,27,,,40
342,05/12/2002,37,25,12,16,29,,,22
341,28/11/2002,23,35,22,6,11,,,42
340,21/11/2002,21,40,14,44,41,,,16
339,14/11/2002,36,32,33,1,30,,,31
338,07/11/2002,35,30,8,33,36,,,1
337,31/10/2002,45,19,14,7,16,,,24
336,24/10/2002,45,25,21,33,5,,,22
335,17/10/2002,11,4,5,28,27,,,16
334,10/10/2002,19,8,45,28,29,,,22
333,03/10/2002,18,23,4,1,32,,,35
332,26/09/2002,6,27,38,24,41,,,35
331,19/09/2002,25,41,37,34,1,,,40
330,12/09/2002,26,27,22,8,32,,,32
329,05/09/2002,41,39,8,12,26,,,18
328,29/08/2002,21,9,45,3,29,,,11
327,22/08/2002,16,36,18,39,29,,,33
326,15/08/2002,15,36,41,32,6,,,26
325,08/08/2002,3,42,21,16,14,,,3
324,01/08/2002,2,13,31,14,23,,,31
323,25/07/2002,34,33,39,38,41,,,20
322,18/07/2002,36,12,40,45,37,,,19
321,11/07/2002,20,41,34,27,26,,,26
320,04/07/2002,43,11,36,10,21,,,21
319,27/06/2002,45,20,42,8,12,,,1
318,20/06/2002,10,24,16,23,33,,,16
317,13/06/2002,22,21,15,44,9,,,9
316,06/06/2002,42,3,6,30,32,,,37
315,30/05/2002,9,45,15,34,42,,,4
314,23/05/2002,12,32,18,17,19,,,11
313,16/05/2002,13,3,15,8,28,,,40
312,09/05/2002,23,41,36,43,14,,,39
311,02/05/2002,5,18,20,45,24,,,28
310,25/04/2002,18,42,5,31,27,,,25
309,18/04/2002,34,20,7,31,18,,,19
308,11/04/2002,44,6,17,19,25,,,28
307,04/04/2002,41,15,29,10,40,,,23
306,28/03/2002,44,39,4,32,42,,,27
305,21/03/2002,34,22,36,42,1,,,18
304,14/03/2002,26,28,12,40,39,,,2
303,07/03/2002,6,32,22,44,20,,,39
302,28/02/2002,14,43,37,22,7,,,40
301,21/02/2002,43,29,19,2,16,,,5
300,14/02/2002,40,15,27,11,17,,,8
299,07/02/2002,27,22,21,44,34,,,33
298,31/01/2002,2,28,1,26,4,,,33
297,24/01/2002,29,32,11,23,24,,,17
296,17/01/2002,7,21,4,31,18,,,14
295,10/01/2002,4,24,2,13,44,,,15
294,03/01/2002,15,43,3,35,6,,,19
293,27/12/2001,36,2,23,38,40,,,14
292,20/12/2001,30,15,22,2,6,,,4
291,13/12/2001,18,38,27,28,7,,,32
290,06/12/2001,14,30,33,1,29,,,43
289,29/11/2001,27,6,37,15,9,,,35
288,22/11/2001,28,21,4,24,2,,,23
287,15/11/2001,22,26,16,13,4,,,11
286,08/11/2001,37,13,33,8,3,,,26
285,01/11/2001,38,5,21,20,2,,,40
284,25/10/2001,3,30,14,23,18,,,28
283,18/10/2001,7,14,10,2,1,,,44
282,11/10/2001,25,21,44,19,12,,,19
281,04/10/2001,7,28,38,36,9,,,32
280,27/09/2001,45,6,34,20,13,,,33
279,20/09/2001,41,38,45,3,5,,,28
278,13/09/2001,13,25,9,23,8,,,35
277,06/09/2001,4,42,21,10,24,,,7
276,30/08/2001,6,19,44,27,42,,,26
275,23/08/2001,13,29,26,31,36,,,28
274,16/08/2001,8,29,41,43,5,,,45
273,09/08/2001,1,15,41,16,21,,,6
272,02/08/2001,25,23,16,26,4,,,36
271,26/07/2001,12,30,37,25,11,,,30
270,19/07/2001,13,37,4,25,28,,,29
269,12/07/2001,36,43,37,35,40,,,15
268,05/07/2001,26,43,15,45,44,,,15
267,28/06/2001,23,35,24,13,2,,,15
266,21/06/2001,42,22,6,14,37,,,4
265,14/06/2001,3,26,24,16,40,,,19
264,07/06/2001,32,40,27,41,3,,,22
263,31/05/2001,10,13,14,5,44,,,19
262,24/05/2001,19,20,22,23,11,,,45
261,17/05/2001,34,6,5,1,25,,,15
260,10/05/2001,18,7,42,13,40,,,7
259,03/05/2001,37,32,10,28,11,,,3
258,26/04/2001,34,19,26,6,40,,,16
257,19/04/2001,37,29,31,41,30,,,19
256,12/04/2001,35,33,24,19,41,,,9
255,05/04/2001,2,13,17,22,33,,,37
254,29/03/2001,11,8,45,33,25,,,40
253,22/03/2001,13,16,40,26,3,,,16
252,15/03/2001,5,33,19,41,37,,,34
251,08/03/2001,35,6,3,19,4,,,20
250,01/03/2001,45,24,4,19,8,,,34
249,22/02/2001,19,43,8,16,3,,,26
248,15/02/2001,36,15,19,27,16,,,24
247,08/02/2001,42,9,39,36,12,,,18
246,01/02/2001,44,1,34,37,7,,,15
245,25/01/2001,6,13,8,3,27,,,19
244,18/01/2001,16,23,31,29,9,,,44
243,11/01/2001,5,24,34,27,25,,,27
242,04/01/2001,36,31,13,37,25,,,44
241,28/12/2000,25,33,45,5,38,,,21
240,21/12/2000,21,30,17,43,42,,,20
239,14/12/2000,21,24,39,26,6,,,28
238,07/12/2000,10,22,43,34,23,,,18
237,30/11/2000,19,43,1,37,13,,,6
236,23/11/2000,8,15,4,32,38,,,10
235,16/11/2000,29,36,1,42,38,,,37
234,09/11/2000,40,25,7,12,13,,,30
233,02/11/2000,19,36,37,13,9,,,41
232,26/10/2000,40,2,35,41,30,,,24
231,19/10/2000,16,29,31,24,28,,,33
230,12/10/2000,24,14,12,38,8,,,44
229,05/10/2000,18,3,15,33,39,,,45
228,28/09/2000,45,12,9,44,30,,,33
227,21/09/2000,25,21,33,23,27,,,41
226,14/09/2000,24,11,45,15,1,,,17
225,07/09/2000,24,1,33,44,43,,,30
224,31/08/2000,15,40,37,10,26,,,34
223,24/08/2000,43,11,15,30,2,,,30
222,17/08/2000,26,2,15,41,29,,,10
221,10/08/2000,15,21,11,27,2,,,35
220,03/08/2000,33,38,17,13,32,,,40
219,27/07/2000,27,7,16,25,44,,,15
218,20/07/2000,39,18,38,23,25,,,10
217,13/07/2000,17,38,13,29,34,,,4
216,06/07/2000,17,11,22,27,3,,,4
215,29/06/2000,9,21,30,3,24,,,27
214,22/06/2000,35,44,14,43,21,,,38
213,15/06/2000,15,45,13,39,40,,,26
212,08/06/2000,26,5,13,31,20,,,2
211,01/06/2000,12,39,45,20,34,,,34
210,25/05/2000,26,20,24,17,7,,,31
209,18/05/2000,44,23,2,30,1,,,12
208,11/05/2000,10,19,21,17,37,,,2
207,04/05/2000,34,21,38,35,3,,,30
206,27/04/2000,22,39,33,45,37,,,7
205,20/04/2000,20,25,15,14,1,,,3
204,13/04/2000,44,23,31,13,5,,,45
203,06/04/2000,38,25,17,14,27,,,40
202,30/03/2000,33,42,4,28,30,,,17
201,23/03/2000,8,29,26,18,17,,,20
200,16/03/2000,29,6,44,16,3,,,32
199,09/03/2000,39,45,8,32,13,,,26
198,02/03/2000,13,11,3,38,19,,,35
197,24/02/2000,6,26,44,28,42,,,8
196,17/02/2000,9,45,5,12,40,,,10
195,10/02/2000,14,39,17,24,12,,,36
194,03/02/2000,27,8,17,29,16,,,2
193,27/01/2000,40,7,17,23,15,,,28
192,20/01/2000,25,7,36,10,4,,,5
191,13/01/2000,15,28,39,19,24,,,15
190,06/01/2000,7,2,8,45,27,,,16
189,30/12/1999,37,23,26,41,44,,,33
188,23/12/1999,37,45,25,35,41,,,45
187,16/12/1999,15,17,14,43,1,,,18
186,09/12/1999,35,45,13,31,33,,,31
185,02/12/1999,30,20,39,36,8,,,39
184,25/11/1999,31,29,3,8,15,,,31
183,18/11/1999,38,35,9,5,33,,,29
182,11/11/1999,24,12,22,15,17,,,26
181,04/11/1999,17,27,4,28,29,,,43
180,28/10/1999,35,23,34,18,16,,,13
179,21/10/1999,16,32,17,5,33,,,27
178,14/10/1999,7,35,26,18,22,,,11
177,07/10/1999,11,30,32,22,19,,,19
176,30/09/1999,29,16,5,14,20,,,45
175,23/09/1999,45,20,19,39,26,,,18
174,16/09/1999,5,18,16,43,7,,,6
173,09/09/1999,40,4,22,33,19,,,28
172,02/09/1999,37,44,3,2,41,,,11
171,26/08/1999,43,16,39,31,44,,,40
170,19/08/1999,45,39,23,35,11,,,4
169,12/08/1999,20,12,41,30,17,,,37
168,05/08/1999,25,23,14,15,24,,,3
167,29/07/1999,2,16,34,13,17,,,31
166,22/07/1999,45,44,26,29,30,,,45
165,15/07/1999,35,27,7,33,32,,,26
164,08/07/1999,12,28,2,19,22,,,43
163,01/07/1999,16,12,20,30,23,,,16
162,24/06/1999,38,28,10,27,2,,,20
161,17/06/1999,39,5,15,43,40,,,20
160,10/06/1999,41,2,12,7,20,,,13
159,03/06/1999,12,5,8,45,33,,,14
158,27/05/1999,23,41,1,25,9,,,23
157,20/05/1999,39,37,43,33,2,,,3
156,13/05/1999,10,45,34,9,33,,,6
155,06/05/1999,12,24,18,25,23,,,39
154,29/04/1999,1,15,28,34,18,,,45
153,22/04/1999,18,26,41,31,7,,,6
152,15/04/1999,10,2,29,6,9,,,2
151,08/04/1999,6,28,23,37,20,,,44
150,01/04/1999,37,44,27,7,18,,,39
149,25/03/1999,13,6,9,44,16,,,42
148,18/03/1999,41,43,38,39,34,,,29
147,11/03/1999,35,40,8,11,21,,,24
146,04/03/1999,4,14,35,9,41,,,6
145,25/02/1999,18,17,33,16,8,,,39
144,18/02/1999,7,43,45,13,22,,,33
143,11/02/1999,40,34,17,11,23,,,26
142,04/02/1999,29,18,42,25,35,,,12
141,28/01/1999,15,41,4,33,3,,,44
140,21/01/1999,41,18,24,20,5,,,24
139,14/01/1999,39,32,26,16,1,,,26
138,07/01/1999,40,28,1,4,18,,,6
137,31/12/1998,27,19,4,41,31,,,39
136,24/12/1998,8,39,40,27,20,,,4
135,17/12/1998,37,45,12,36,7,,,13
134,10/12/1998,31,12,20,4,7,,,41
133,03/12/1998,10,22,41,25,29,,,38
132,26/11/1998,11,28,25,15,24,,,33
131,19/11/1998,10,42,7,20,12,,,18
130,12/11/1998,8,18,31,20,38,,,19
129,05/11/1998,5,15,35,38,39,,,12
128,29/10/1998,10,25,33,34,42,,,33
127,22/10/1998,7,17,32,40,45,,,44
126,15/10/1998,12,22,28,35,44,,,42
125,08/10/1998,3,10,19,24,37,,,5
124,01/10/1998,4,11,16,30,36,,,38
123,24/09/1998,1,14,15,17,34,,,14
122,17/09/1998,25,33,34,37,38,,,1
121,10/09/1998,1,14,19,20,32,,,18
120,03/09/1998,6,7,22,31,41,,,10
119,27/08/1998,16,19,28,31,41,,,45
118,20/08/1998,11,16,17,42,45,,,14
117,13/08/1998,15,17,20,27,28,,,4
116,06/08/1998,5,24,26,27,39,,,28
115,30/07/1998,3,11,20,27,37,,,34
114,23/07/1998,14,17,21,32,42,,,24
113,16/07/1998,20,22,33,37,44,,,18
112,09/07/1998,5,20,21,27,41,,,38
111,02/07/1998,8,14,26,33,35,,,15
110,25/06/1998,4,8,29,40,41,,,37
109,18/06/1998,9,11,19,31,38,,,39
108,11/06/1998,3,24,28,30,44,,,25
107,04/06/1998,14,28,31,32,44,,,31
106,28/05/1998,11,25,37,38,41,,,20
105,21/05/1998,3,4,10,22,33,,,45
104,14/05/1998,1,5,24,27,29,,,34
103,07/05/1998,9,10,28,41,42,,,27
102,30/04/1998,11,22,32,34,42,,,21
101,23/04/1998,2,3,9,27,35,,,3
100,16/04/1998,9,21,28,38,44,,,32
99,09/04/1998,19,21,22,25,31,,,20
98,02/04/1998,2,8,17,38,42,,,25
97,26/03/1998,7,18,19,25,31,,,31
96,19/03/1998,4,9,12,32,40,,,1
95,12/03/1998,8,20,28,34,39,,,1
94,05/03/1998,9,14,16,17,19,,,23
93,26/02/1998,12,21,22,29,45,,,24
92,19/02/1998,9,10,14,20,39,,,18
91,12/02/1998,9,17,19,20,39,,,44
90,05/02/1998,6,12,16,21,26,,,32
89,29/01/1998,2,12,13,28,43,,,26
88,22/01/1998,5,11,12,34,40,,,7
87,15/01/1998,4,13,15,21,30,,,10
86,08/01/1998,2,15,16,31,32,,,26
85,01/01/1998,8,11,15,19,20,,,43
84,25/12/1997,7,15,22,35,40,,,45
83,18/12/1997,10,16,17,22,32,,,43
82,11/12/1997,3,10,14,23,44,,,7
81,04/12/1997,3,5,12,31,44,,,29
80,27/11/1997,4,5,7,22,41,,,24
79,20/11/1997,9,27,35,37,43,,,3
78,13/11/1997,5,13,15,19,33,,,11
77,06/11/1997,2,3,4,32,39,,,44
76,30/10/1997,8,10,20,22,28,,,43
75,23/10/1997,7,12,39,41,45,,,34
74,16/10/1997,1,15,22,38,45,,,38
73,09/10/1997,6,14,15,18,23,,,25
72,02/10/1997,8,14,35,37,39,,,32
71,25/09/1997,13,18,21,31,38,,,30
70,18/09/1997,22,29,30,33,45,,,10
69,11/09/1997,7,9,30,33,43,,,8
68,04/09/1997,1,2,12,35,39,,,40
67,28/08/1997,5,6,29,36,37,,,12
66,21/08/1997,7,14,16,36,41,,,29
65,14/08/1997,2,5,7,36,38,,,27
64,07/08/1997,2,35,36,37,38,,,39
63,31/07/1997,7,12,25,37,40,,,22
62,24/07/1997,10,13,19,23,25,,,22
61,17/07/1997,16,21,38,40,43,,,33
60,10/07/1997,20,21,26,28,36,,,19
59,03/07/1997,21,22,24,30,42,,,31
58,26/06/1997,5,12,23,27,36,,,4
57,19/06/1997,4,13,25,28,36,,,27
56,12/06/1997,1,4,5,34,45,,,21
55,05/06/1997,23,24,27,39,44,,,11
54,29/05/1997,3,8,10,14,26,,,37
53,22/05/1997,4,5,7,25,34,,,32
52,15/05/1997,9,18,21,29,32,,,10
51,08/05/1997,2,17,22,41,45,,,18
50,01/05/1997,12,19,29,39,44,,,17
49,24/04/1997,18,33,35,38,39,,,24
48,17/04/1997,3,5,23,29,38,,,8
47,10/04/1997,11,14,17,26,44,,,1
46,03/04/1997,7,8,10,32,43,,,38
45,27/03/1997,9,15,29,35,37,,,43
44,20/03/1997,14,20,24,28,29,,,42
43,13/03/1997,13,17,20,26,42,,,8
42,06/03/1997,1,11,28,34,38,,,27
41,27/02/1997,20,21,32,33,40,,,24
40,20/02/1997,9,20,24,40,43,,,33
39,13/02/1997,6,15,17,39,43,,,5
38,06/02/1997,6,10,19,25,29,,,31
37,30/01/1997,3,5,13,19,33,,,23
36,23/01/1997,7,18,21,27,37,,,1
35,16/01/1997,1,5,17,28,39,,,30
34,09/01/1997,7,22,39,41,43,,,38
33,02/01/1997,1,11,16,22,24,,,26
32,26/12/1996,5,8,15,19,24,,,3
31,19/12/1996,6,10,12,22,27,,,38
30,12/12/1996,2,8,13,22,35,,,42
29,05/12/1996,5,6,17,20,30,,,13
28,28/11/1996,5,20,24,30,36,,,19
27,21/11/1996,2,18,24,27,42,,,12
26,14/11/1996,3,10,30,42,43,,,12
25,07/11/1996,4,19,21,23,36,,,23
24,31/10/1996,4,5,19,42,45,,,26
23,24/10/1996,15,24,26,34,43,,,7
22,17/10/1996,6,9,17,23,28,,,45
21,10/10/1996,6,10,15,18,35,,,16
20,03/10/1996,9,14,26,35,45,,,36
19,26/09/1996,2,15,26,36,45,,,17
18,19/09/1996,9,18,21,29,30,,,34
17,12/09/1996,3,6,8,27,45,,,33
16,05/09/1996,6,16,22,29,41,,,35
15,29/08/1996,5,8,11,20,31,,,4
14,22/08/1996,5,8,9,24,42,,,4
13,15/08/1996,7,14,22,33,42,,,17
12,08/08/1996,22,25,36,41,44,,,7
11,01/08/1996,2,19,25,30,36,,,32
10,25/07/1996,4,9,11,23,43,,,24
9,18/07/1996,9,12,14,23,43,,,2
8,11/07/1996,14,26,28,38,40,,,29
7,04/07/1996,3,7,12,16,34,,,1
6,27/06/1996,1,3,10,35,41,,,45
5,20/06/1996,3,15,30,33,39,,,39
4,13/06/1996,25,37,40,42,43,,,17
3,06/06/1996,4,32,33,36,40,,,44
2,30/05/1996,6,8,15,23,44,,,5
1,23/05/1996,2,8,27,30,42,,,3
